Company,Industry,Paid Maternity Leave,Unpaid Maternity Leave,Paid Paternity Leave,Unpaid Paternity Leave,Paid Leave,Column1,_1,_2,_3
Epsilon,Advertising,6,6,6,6,12,,,,
The Walt Disney Company,Arts & Entertainment,5,4,4.5,4,9.5,,,,
Guild Education,Business Services: Other,14,0,8,4,22,,,,
WeWork,Business Services: Other,14,2,16,4,30,,,,
Randstad USA,Business Services: Staffing & Outsourcing,5,7,0,0,5,,,,
Bain & Company,Consulting Services,20.5,5,21,5,41.5,,,,
World 50,Consulting Services,8,12,1,12,9,,,,
"ConAgra Foods, Inc.",Consumer Packaged Goods: Packaged Foods,6,6,2,6,8,,,,
Anduril Industries,Defense & Space,16,0,16,0,32,,,,
Northrop Grumman,Defense & Space,3,12,2,12,5,,,,
The University of Vermont,Educational Services: College & Universities,0,12,0,12,0,,,,
Belden,Electronics: Manufacturing,0,12,0,12,0,,,,
Motorola Solutions,Electronics: Manufacturing,6,7.5,0,6,6,,,,
MFS Investment Management,Finance: Asset Management,16,2,12,0,28,,,,
PIMCO,Finance: Asset Management,12,12,3,12,15,,,,
Sandia National Laboratories,Government: Contractor,6,6,6,6,12,,,,
Los Angeles County,Government: County,0,12,0,12,0,,,,
Federal Reserve Bank of Chicago,Government: Federal,12,0,6,0,18,,,,
Southern Health Partners,Healthcare: Diversified,4,8,2,2,6,,,,
Denver Health Medical Center,Healthcare: Hospitals & Clinics,2.5,10.5,0,12,2.5,,,,
Kohler Co.,Industrial: Equipment Manufacturing,6,6,2,12,8,,,,
UnitedHealth Group,Insurance: Health,4,8,5,4,9,,,,
TEGNA,Media: Television,12,12,2,12,14,,,,
BHP Billiton Ltd.,Natural Resources: Metals & Mining,18,34,2,8,20,,,,
Roman Catholic Archdiocese of Philadelphia,Nonprofit: Religious,0,12,0,12,0,,,,
Bristol Myers Squibb,Pharmaceutical,15,0,8,16,23,,,,
Walgreens,Pharmacies & Drug Stores,6,3,8,24,14,,,,
Invitation Homes,Real Estate,6,6,6,3,12,,,,
Cushman & Wakefield,Real Estate: Development & Management,9,0,6,6,15,,,,
"L Brands, Inc.","Retail: Shoes, Accessories and Apparel",14,0,6,6,20,,,,
Chronosphere,Technology: B2B Tech Services,16,8,16,8,32,,,,
Dropbox,Technology: Consumer Internet,24,0,24,24,48,,,,
Fairygodboss Inc.,Technology: Consumer Internet,12,0,21,3,33,,,,
SiriusXM & Pandora,Technology: Consumer Internet,14,0,14,2,28,,,,
Stack Overflow,Technology: Consumer Internet,16,0,16,8,32,,,,
Electronic Arts,Technology: Gaming,11,12,11,12,22,,,,
Ginkgo Bioworks,Technology: Research,12,0,2,0,14,,,,
Avalara,Technology: Software,12,15,12,12,24,,,,
Cornerstone OnDemand,Technology: Software,14,0,6,12,20,,,,
"ExamSoft Worldwide, Inc.",Technology: Software,4,12,2,12,6,,,,
Medidata Solutions,Technology: Software,16,24,16,24,32,,,,
"Sulzer US, LLC",Technology: Software,4,12,2,12,6,,,,
Thryv,Technology: Software,0,3,0,0,0,,,,
T-Mobile,Telecommunications,7.5,3,3,4,10.5,,,,
CBIZ,Accounting Services,3.5,6,1,0,4.5,,,,
CliftonLarsonAllen,Accounting Services,9.5,6,6,0,15.5,,,,
Forvis,Accounting Services,12,0,2,12,14,,,,
Grant Thornton,Accounting Services,51,51,51,0,102,,,,
RSM US,Accounting Services,12,0,7,0,19,,,,
LiveRamp,Advertising,16,6,16,0,32,,,,
Boeing,Aerospace,12,9,12,0,24,,,,
Cessna Aircraft Company,Aerospace,8,10,12,0,20,,,,
Collins Aerospace,Aerospace,12,0,4,0,16,,,,
Collins Aerospace,Aerospace,4,12,4,0,8,,,,
Lockheed Martin Corporation,Aerospace,6,1,4,0,10,,,,
FCA US LLC,Automotive: Manufacturers,7.5,1,6,0,13.5,,,,
Ford Motor Company,Automotive: Manufacturers,12,0,8,0,20,,,,
General Motors,Automotive: Manufacturers,12,12,12,0,24,,,,
Toyota North America,Automotive: Manufacturers,6,1.5,0,0,6,,,,
Johnson Controls,Automotive: Parts Manufacturing,6,6,0,0,6,,,,
ADP,Business Services: Human Resources,6,6,16,0,22,,,,
IHS Markit Ltd.,Business Services: Other,26,13,2,0,28,,,,
Samsung Research America,Business Services: Other,6,0,6,0,12,,,,
Adecco Group North America,Business Services: Staffing & Outsourcing,12,6,0,0,12,,,,
CGI,Business Services: Technology Solutions,8,0,2,0,10,,,,
Paychex,Business Services: Technology Solutions,9,3,6,0,15,,,,
"Ecolab, Inc.",Conglomerate,9,0,6,0,15,,,,
Siemens,Conglomerate,6,0.5,2,0,8,,,,
84.51°,Consulting Services,12,0,4,0,16,,,,
Boston Consulting Group,Consulting Services,16,0,8,0,24,,,,
Deloitte,Consulting Services,16,4,9,0,25,,,,
KPMG,Consulting Services,12,10,12,0,24,,,,
McKinsey & Company,Consulting Services,16,26,8,0,24,,,,
Pariveda,Consulting Services,6,0,6,0,12,,,,
Protiviti,Consulting Services,9,0,10,0,19,,,,
Slalom,Consulting Services,14,0,4,0,18,,,,
Campari America,Consumer Packaged Goods: Beverages,12,0,12,6,24,,,,
Miller Coors,Consumer Packaged Goods: Beverages,16,34,16,0,32,,,,
General Mills,Consumer Packaged Goods: Packaged Foods,18,12,12,0,30,,,,
"Mondelez International, Inc.",Consumer Packaged Goods: Packaged Foods,6,9.5,6,0,12,,,,
Johnson & Johnson,Consumer Packaged Goods: Packaged Products,16,24,8,0,24,,,,
Reckitt Benckiser,Consumer Packaged Goods: Packaged Products,21,31,16,0,37,,,,
Unilever,Consumer Packaged Goods: Packaged Products,16,4,8,0,24,,,,
Hasbro Inc.,Consumer Packaged Goods: Toys & Baby Products,18,18,0,13,#VALUE!,,,,
L'Oréal USA,Cosmetics,12,0,8,0,20,,,,
Raytheon Technologies,Defense & Space,7.5,3,3,0,10.5,,,,
Rice University,Educational Services: College & Universities,6,6,0,0,6,,,,
University of Minnesota,Educational Services: College & Universities,6,6,6,0,12,,,,
Walden University,Educational Services: College & Universities,6,6,1,0,7,,,,
Cengage Learning,Educational Services: E-Learning,12,0,12,0,24,,,,
Samsung Electronics,Electronics: Manufacturing,2,12,2,0,4,,,,
Apollo Global Management,Finance: Asset Management,16,0,2,0,18,,,,
Capital Group,Finance: Asset Management,12,0,18,0,30,,,,
Merrill,Finance: Asset Management,11,6,16,0,27,,,,
Discover Financial Services,Finance: Credit & Fund Services,16,0,2,0,18,,,,
Mastercard,Finance: Credit & Fund Services,16,0,16,0,32,,,,
Ally Financial,Finance: Diversified,12,0,12,0,24,,,,
Ameriprise Financial,Finance: Diversified,12,4,2,0,14,,,,
Charles Schwab,Finance: Diversified,8,6,6,0,14,,,,
Citigroup,Finance: Diversified,16,4,4.5,0,20.5,,,,
Deutsche Bank,Finance: Diversified,16,5,16,0,32,,,,
DTCC,Finance: Diversified,16,4,16,0,32,,,,
Goldman Sachs,Finance: Diversified,20,3,20,0,40,,,,
Macquarie Group,Finance: Diversified,16,0,6,0,22,,,,
Northern Trust,Finance: Diversified,10,6,10,0,20,,,,
Raymond James,Finance: Diversified,16,0,4,0,20,,,,
RBC Wealth Management,Finance: Diversified,11.5,10,4,0,15.5,,,,
Silicon Valley Bank,Finance: Diversified,12,0,12,0,24,,,,
UBS,Finance: Diversified,24,24,20,0,44,,,,
Wells Fargo,Finance: Diversified,16,5,4,0,20,,,,
William Blair,Finance: Diversified,18,0,2,0,20,,,,
SoFi,Finance: Loans,4,5,2,0,6,,,,
PNC Financial Services Group,Finance: Personal & Commercial Banking,12,0,6,0,18,,,,
TD Bank,Finance: Personal & Commercial Banking,16,13,16,0,32,,,,
TIAA Bank,Finance: Personal & Commercial Banking,28,0,16,0,44,,,,
OECD,Government: International,14,0,4,0,18,,,,
Banfield Pet Hospital,Healthcare: Animal Health,6,12,4,0,10,,,,
Illumina,Healthcare: Biotechnology,6,3,6,0,12,,,,
Thermo Fisher Scientific,Healthcare: Biotechnology,11.5,1,3,0,14.5,,,,
CVS Health,Healthcare: Diversified,4,4,4,0,8,,,,
Fresenius,Healthcare: Diversified,4,12,0,0,4,,,,
Aurora Health Care,Healthcare: Hospitals & Clinics,0,12,0,0,#VALUE!,,,,
Mayo Clinic,Healthcare: Hospitals & Clinics,5,6.5,0,0,5,,,,
"Universal Health Services, Inc.",Healthcare: Hospitals & Clinics,0,12,0,0,0,,,,
University of Pittsburgh Medical Center,Healthcare: Hospitals & Clinics,2,6,2,0,4,,,,
Quest Diagnostics,Healthcare: Laboratory Testing,6,0,0,0,#VALUE!,,,,
"Becton, Dickinson and Company",Healthcare: Medical Devices,6,12,6,0,12,,,,
Medtronic,Healthcare: Medical Devices,12,2,0,0,12,,,,
Zimmer Biomet,Healthcare: Medical Devices,8,4,6,0,14,,,,
Flatiron Health,Healthcare: Telemedicine,30,15,30,0,60,,,,
Choice Hotels,Hospitality: Hotels,12,0,4,0,16,,,,
Marriott International,Hospitality: Hotels,8,8,8,0,16,,,,
McDonald's,Hospitality: Restaurants,12,12,0,29,#VALUE!,,,,
Starbucks,Hospitality: Restaurants,6,9,6,0,12,,,,
Perkins + Will,Industrial: Architecture & Design,4,0,4,0,8,,,,
Owens Corning,Industrial: Building Materials Manufacturing,4,4,0,2,#VALUE!,,,,
Power Home Remodeling,Industrial: Construction Company,12,0,3,0,15,,,,
3M,Industrial: Diversified,10,10,0,10,#VALUE!,,,,
Parker Hannifin,Industrial: Diversified,4,8,0,0,4,,,,
BEUMER Group,Industrial: Equipment Manufacturing,4,0,4,0,8,,,,
Caterpillar,Industrial: Equipment Manufacturing,5,6,4,0,9,,,,
CNH Industrial America,Industrial: Equipment Manufacturing,6,6,4,0,10,,,,
Cummins,Industrial: Equipment Manufacturing,12,10,6,0,18,,,,
Hilti Corporation,Industrial: Equipment Manufacturing,12,2,4,0,16,,,,
nVent,Industrial: Equipment Manufacturing,6,0,6,0,12,,,,
Rockwell Automation,Industrial: Equipment Manufacturing,6,9,6,0,12,,,,
McMaster-Carr,Industrial: Other,16,4,4,0,20,,,,
Argus Media,Information Services: Diversified,8,12,1,0,9,,,,
LAC-Group,Information Services: Diversified,32.5,0,35,0,67.5,,,,
S&P Global,Information Services: Financial,18,0,23,0,41,,,,
DXC Technology,Information Services: Technology,9,36,1,0,10,,,,
Forrester Research,Information Services: Technology,15,6,2,0,17,,,,
General Dynamics Information Technology,Information Services: Technology,2,19,1,0,3,,,,
AON,Insurance: Diversified,8,8,6,0,14,,,,
Aetna,Insurance: Health,12,12,4,0,16,,,,
Health Care Service Corporation,Insurance: Health,6,3,0,6,#VALUE!,,,,
Highmark Inc.,Insurance: Health,6,4,0,4,#VALUE!,,,,
Humana,Insurance: Health,6,6,6,0,12,,,,
Kaiser Permanente,Insurance: Health,3,3,0,0,3,,,,
Combined Insurance,Insurance: Life,15,3,0,0,#VALUE!,,,,
Root Insurance,Insurance: Property & Casualty,12,0,12,0,24,,,,
State Farm,Insurance: Property & Casualty,9,0,6,0,15,,,,
The Hanover Insurance Group,Insurance: Property & Casualty,8,4,2,0,10,,,,
Holland & Knight LLP,Law Firm,4,8,6,0,10,,,,
"Orrick, Herrington & Sutcliffe LLP",Law Firm,23,2,16,0,39,,,,
Expedia Group,"Leisure, Travel & Tourism",18,4,12,0,30,,,,
WarnerMedia,Media: Diversified,9,2,6,0,15,,,,
Cargill,Natural Resources: Agriculture and Food Processing,12,0,4,0,16,,,,
Air Liquide,Natural Resources: Chemicals,14,0,6,0,20,,,,
Dow,Natural Resources: Chemicals,12,0,0,16,#VALUE!,,,,
Ineos,Natural Resources: Chemicals,6.5,9,0,0,6.5,,,,
Ingevity Corporation,Natural Resources: Chemicals,10,1,4,0,14,,,,
PolyOne Corporation,Natural Resources: Chemicals,6,12,6,0,12,,,,
Consumers Energy,Natural Resources: Electric & Gas Utility,6,0,16,0,22,,,,
NextEra Energy,Natural Resources: Electric Power Generation,3,9,0,0,3,,,,
Chevron,Natural Resources: Oil & Gas,12,26,8,0,20,,,,
Phillips 66,Natural Resources: Oil & Gas,9,12,2,0,11,,,,
Range Resources,Natural Resources: Oil & Gas,9,6,2,0,11,,,,
American Water,Natural Resources: Renewables & Environment,2,0,0,12,#VALUE!,,,,
Make-A-Wish Foundation,Nonprofit: Charity,6,12,0,0,6,,,,
Wikimedia Foundation,Nonprofit: Education,12,5,7,0,19,,,,
Girl Scouts of the USA,Nonprofit: Human Rights Advocacy,6,0,6,0,12,,,,
RAND Corporation,Nonprofit: Public Policy,5.5,0,3,0,8.5,,,,
The MITRE Corporation,Nonprofit: Research,7,0,2,0,9,,,,
Abbott Nutrition,Pharmaceutical,8,16,2,0,10,,,,
GlaxoSmithKline,Pharmaceutical,14,0,8,0,22,,,,
McKesson,Pharmaceutical,6,0,6,0,12,,,,
Vertex Pharmaceuticals,Pharmaceutical,16,0,8,0,24,,,,
Bill and Melinda Gates Foundation,Philanthropy,26,11,26,0,52,,,,
MOO,Printing,2,40,2,0,4,,,,
Elsevier,Publishing,39,0.5,1,0,40,,,,
Wiley Publishing,Publishing,6,6,4,0,10,,,,
Bidwells LLP,Real Estate: Other,14,38,2,0,16,,,,
Realtor.com,Real Estate: Other,20,0,4,0,24,,,,
Kohl's,Retail: Department Store,6,9,4,0,10,,,,
Home Depot,Retail: Furniture & Home Improvement,6,6,6,0,12,,,,
Wayfair,Retail: Furniture & Home Improvement,12,2,4,0,16,,,,
Columbia Sportswear,"Retail: Shoes, Accessories and Apparel",4,8,6,0,10,,,,
Luxottica Group SpA,"Retail: Shoes, Accessories and Apparel",8.5,6,2,0,10.5,,,,
Target,"Retail: Shoes, Accessories and Apparel",6,6,4,0,10,,,,
Meijer,Retail: Supermarket Company,5,3,4,0,9,,,,
Publix Super Markets,Retail: Supermarket Company,2,6.5,0,0,#VALUE!,,,,
Athenahealth,Technology: B2B Tech Services,12,0,6,0,18,,,,
CDW Corporation,Technology: B2B Tech Services,6,4,2,0,8,,,,
Cerner Corporation,Technology: B2B Tech Services,12,0,4,0,16,,,,
Elastic,Technology: B2B Tech Services,16,0,16,0,32,,,,
Equinix,Technology: B2B Tech Services,8,4,8,0,16,,,,
Hewlett Packard Enterprise,Technology: B2B Tech Services,26,6,26,0,52,,,,
Tata Consultancy Services,Technology: B2B Tech Services,24,0,1,4,25,,,,
Amazon,Technology: Consumer Internet,12,0,6,0,18,,,,
Angie's List,Technology: Consumer Internet,11,6,6,0,17,,,,
Birchbox,Technology: Consumer Internet,14,0,12,0,26,,,,
Box,Technology: Consumer Internet,18,1,12,0,30,,,,
eBay,Technology: Consumer Internet,12,0,12,0,24,,,,
Glassdoor,Technology: Consumer Internet,20,0,12,0,32,,,,
Google,Technology: Consumer Internet,24,0,18,0,42,,,,
Indeed,Technology: Consumer Internet,16,0,16,0,32,,,,
LinkedIn,Technology: Consumer Internet,20,4,12,0,32,,,,
Tinder,Technology: Consumer Internet,18,0,18,0,36,,,,
Uber,Technology: Consumer Internet,18,0,18,0,36,,,,
FIS Global,Technology: Financial Services,6,0,6,0,12,,,,
Jack Henry,Technology: Financial Services,8,7,2,0,10,,,,
Personal Capital,Technology: Financial Services,2,0,6,0,8,,,,
Zwift,Technology: Gaming,12,6,12,0,24,,,,
Zynga,Technology: Gaming,26,0,18,0,44,,,,
Apple,Technology: Manufacturing,14,6,4,0,18,,,,
Cisco,Technology: Manufacturing,13,2,0,0,13,,,,
Dell Technologies,Technology: Manufacturing,12,0,12,0,24,,,,
Garmin,Technology: Manufacturing,2,12,0,0,#VALUE!,,,,
IBM,Technology: Manufacturing,12,0,12,0,24,,,,
Intel Corporation,Technology: Manufacturing,8,12,7.5,0,15.5,,,,
Western Digital,Technology: Manufacturing,8,0,12,0,20,,,,
VISA,Technology: Payments,13,8,10,0,23,,,,
Waters Corporation,Technology: Research,8,4,1,0,9,,,,
Forcepoint,Technology: Security,12,3,6,0,18,,,,
Tanium,Technology: Security,16,0,8,0,24,,,,
Addepar,Technology: Software,19,0,10,0,29,,,,
Adobe Systems,Technology: Software,17,15,16,0,33,,,,
Appian,Technology: Software,16,0,12,0,28,,,,
"Calabrio, Inc.",Technology: Software,3,3,0,0,3,,,,
Epic Systems,Technology: Software,2,11,2,0,4,,,,
FactSet,Technology: Software,16,0,4,0,20,,,,
GitHub,Technology: Software,20,4,20,0,40,,,,
Klaviyo,Technology: Software,16,0,16,0,32,,,,
Mindbody,Technology: Software,12,2,0,18,#VALUE!,,,,
NexJ Systems Inc.,Technology: Software,13,52,13,0,26,,,,
Pegasystems Inc.,Technology: Software,12,6,4,0,16,,,,
Qualitest Group,Technology: Software,26,0,0,0,26,,,,
Salesforce,Technology: Software,26,0,26,0,52,,,,
ServiceNow,Technology: Software,20,0,12,0,32,,,,
Slack Technologies,Technology: Software,20,0,12,0,32,,,,
UKG,Technology: Software,12,0,4,0,16,,,,
Workiva,Technology: Software,12,8,12,0,24,,,,
"Zendesk, Inc",Technology: Software,11,2,10.5,0,21.5,,,,
DISH,Telecommunications,0,12,0,0,0,,,,
Lumen,Telecommunications,12,1,6,0,18,,,,
Spectrum,Telecommunications,6,6,2,0,8,,,,
Verizon,Telecommunications,8,4,8,0,16,,,,
Viasat,Telecommunications,16,0,9,0,25,,,,
Zoom,Telecommunications,11,6,16,0,27,,,,
FedEx,Transportation: Couriers & Delivery,2,28,2,0,4,,,,
Instacart,Transportation: Couriers & Delivery,16,4,12,0,28,,,,
C.H. Robinson,Transportation: Freight & Logistics,2,6,2,0,4,,,,
Virgin Hyperloop One,Transportation: Rail,16,2,16,0,32,,,,
ClassPass,Wellness & Fitness,14,12,4,0,18,,,,
Sysco,Wholesale,6,6,0,0,6,,,,
US Foods,Wholesale,6,6,2,0,8,,,,
BerryDunn,Accounting Services,6,6,0,0,#VALUE!,,,,
Crowe,Accounting Services,6,0,0,0,#VALUE!,,,,
Eisneramper,Accounting Services,8,12,0,0,#VALUE!,,,,
Fathom,Accounting Services,12,0,0,0,#VALUE!,,,,
Kearney & Company,Accounting Services,4,0,0,0,#VALUE!,,,,
Marcum LLP,Accounting Services,8,8,0,0,#VALUE!,,,,
Myers & Stauffer LC,Accounting Services,8,52,0,0,#VALUE!,,,,
Ryan LLC,Accounting Services,14,6,0,0,#VALUE!,,,,
Acceleration Partners,Advertising,6,6,0,0,#VALUE!,,,,
AdTheorent,Advertising,6,0,0,0,#VALUE!,,,,
Affinion Group,Advertising,4,4,0,0,#VALUE!,,,,
Ampersand,Advertising,12,0,0,0,#VALUE!,,,,
Ansira,Advertising,12,0,0,0,#VALUE!,,,,
BBDO,Advertising,3,12,0,0,#VALUE!,,,,
Cares Pro LLC,Advertising,10,10,0,0,#VALUE!,,,,
Code And Theory,Advertising,4,0,0,0,#VALUE!,,,,
Constant Contact,Advertising,12,0,0,0,#VALUE!,,,,
Conversant Media,Advertising,12,4,0,0,#VALUE!,,,,
Create NYC,Advertising,8,0,0,0,#VALUE!,,,,
DIGO,Advertising,6,9,0,0,#VALUE!,,,,
Essence Digital,Advertising,1,0,0,0,#VALUE!,,,,
Goodway Group,Advertising,12,0,0,0,#VALUE!,,,,
Hawkeye Agency,Advertising,11,1,0,0,#VALUE!,,,,
Hill Holliday,Advertising,12,0,0,0,#VALUE!,,,,
Hirshorn Zuckerman Design Group,Advertising,2,12,0,0,#VALUE!,,,,
Hootsuite,Advertising,36,36,0,0,#VALUE!,,,,
Huge Inc,Advertising,12,24,0,0,#VALUE!,,,,
Launch Potato,Advertising,8,8,0,0,#VALUE!,,,,
Media Directions Advertising,Advertising,1,1,0,0,#VALUE!,,,,
MediaCom,Advertising,12,0,0,0,#VALUE!,,,,
Monigle,Advertising,6,6,0,0,#VALUE!,,,,
National Cinemedia,Advertising,4,8,0,0,#VALUE!,,,,
News America Marketing,Advertising,12,12,0,0,#VALUE!,,,,
Ogilvy,Advertising,48,4,0,0,#VALUE!,,,,
Omnicom Media Group,Advertising,2,10,0,0,#VALUE!,,,,
PGR Media,Advertising,12,0,0,0,#VALUE!,,,,
Pico,Advertising,13,0,0,0,#VALUE!,,,,
R/GA,Advertising,12,0,0,0,#VALUE!,,,,
Radancy,Advertising,3,9,0,0,#VALUE!,,,,
Radius Intelligence,Advertising,12,0,0,0,#VALUE!,,,,
ReachLocal,Advertising,6,0,0,0,#VALUE!,,,,
Saatchi & Saatchi,Advertising,4.5,14,0,0,#VALUE!,,,,
SapientRazorfish,Advertising,6,4,0,0,#VALUE!,,,,
SmartBug Media,Advertising,4,2,0,0,#VALUE!,,,,
Spectrum Science,Advertising,13,13,0,0,#VALUE!,,,,
Stage Marketing,Advertising,4,8,0,0,#VALUE!,,,,
Tag Worldwide,Advertising,6,6,0,0,#VALUE!,,,,
The Richards Group,Advertising,12,0,0,0,#VALUE!,,,,
UNiDAYS,Advertising,20,0,0,0,#VALUE!,,,,
VaynerMedia,Advertising,7,12,0,0,#VALUE!,,,,
Wavemaker,Advertising,9,2,0,0,#VALUE!,,,,
Wunderman DC,Advertising,24,0,0,0,#VALUE!,,,,
Zenith Media,Advertising,3,9,0,0,#VALUE!,,,,
AMG Research,Advertising: Market Research,4,12,0,0,#VALUE!,,,,
eMarketer,Advertising: Market Research,12,0,0,0,#VALUE!,,,,
Hanover Research,Advertising: Market Research,12,6,0,0,#VALUE!,,,,
Acubed,Aerospace,12,1,0,0,#VALUE!,,,,
Honeywell Aerospace,Aerospace,16,0,0,0,#VALUE!,,,,
Pratt & Whitney,Aerospace,12,12,0,0,#VALUE!,,,,
SpaceX,Aerospace,8,10,0,0,#VALUE!,,,,
Boston Ballet,Arts & Entertainment,12,12,0,0,#VALUE!,,,,
Creative Artists Agency,Arts & Entertainment,12,0,12,0,24,,,,
Disney Streaming Services,Arts & Entertainment,12,10,0,0,#VALUE!,,,,
GoDigital Media Group,Arts & Entertainment,0,0,0,0,0,,,,
LaneOne,Arts & Entertainment,6,0,0,0,#VALUE!,,,,
Live Nation,Arts & Entertainment,24,12,0,0,#VALUE!,,,,
Camping World,Automotive: Dealers,8,0,0,0,#VALUE!,,,,
Young Automotive Group,Automotive: Dealers,3,12,0,0,#VALUE!,,,,
Aptiv PLC,Automotive: Manufacturers,6,14,0,0,#VALUE!,,,,
Mercedes-Benz Research & Development North America,Automotive: Manufacturers,24,0,0,0,#VALUE!,,,,
Advance Auto Parts,Automotive: Parts,8,4,0,0,#VALUE!,,,,
Bendix Commercial Vehicle Systems,Automotive: Parts Manufacturing,6,0,0,0,#VALUE!,,,,
Bridgestone Corporation,Automotive: Parts Manufacturing,8,0,0,0,#VALUE!,,,,
Continental,Automotive: Parts Manufacturing,4,4,0,0,#VALUE!,,,,
"Donaldson Company, Inc.",Automotive: Parts Manufacturing,0,12,0,0,#VALUE!,,,,
Michelin,Automotive: Parts Manufacturing,12,0,0,0,#VALUE!,,,,
Valvoline,Automotive: Products & Services,4,0,0,0,#VALUE!,,,,
Aramark,Business Services: Food & Hospitality,2,10,0,0,#VALUE!,,,,
Cintas Corporation,Business Services: Food & Hospitality,12,12,0,0,#VALUE!,,,,
ADP Canada Inc,Business Services: Human Resources,26,4,0,0,#VALUE!,,,,
ADP India,Business Services: Human Resources,25,25,0,0,#VALUE!,,,,
ADP Philippines,Business Services: Human Resources,6.5,0,0,0,#VALUE!,,,,
ADP UK,Business Services: Human Resources,36,12,0,0,#VALUE!,,,,
ACA Compliance Group,Business Services: Other,4,8,0,0,#VALUE!,,,,
"BDO USA, LLP",Business Services: Other,9,3,0,0,#VALUE!,,,,
Brabo Payroll,Business Services: Other,13,13,0,0,#VALUE!,,,,
Cardlytics,Business Services: Other,12,0,0,0,#VALUE!,,,,
Cians Analytics,Business Services: Other,26,26,0,0,#VALUE!,,,,
CoStar Group,Business Services: Other,6,6,0,0,#VALUE!,,,,
Deluxe Corporation,Business Services: Other,8,0,0,0,#VALUE!,,,,
EveryDay Labs,Business Services: Other,12,0,0,0,#VALUE!,,,,
Flexport,Business Services: Other,16,0,0,0,#VALUE!,,,,
LexisNexis Risk Solutions Group,Business Services: Other,6,6,0,0,#VALUE!,,,,
LGC Standards,Business Services: Other,12,0,0,0,#VALUE!,,,,
"LOTH, Inc.",Business Services: Other,10,0,0,0,#VALUE!,,,,
MIC Global Services,Business Services: Other,6,12,0,0,#VALUE!,,,,
Moody's Analytics,Business Services: Other,12,0,0,0,#VALUE!,,,,
Nuclear Energy Institute,Business Services: Other,12,0,0,0,#VALUE!,,,,
SmithBucklin,Business Services: Other,2,10,0,0,#VALUE!,,,,
The Larkin Company,Business Services: Other,12,12,0,0,#VALUE!,,,,
Ticketmaster,Business Services: Other,23,12,0,0,#VALUE!,,,,
UL LLC,Business Services: Other,13.5,15.5,0,0,#VALUE!,,,,
United States Chamber of Commerce,Business Services: Other,8,12,0,0,#VALUE!,,,,
247 Private Security,Business Services: Security,0,0,0,0,#VALUE!,,,,
Allied Universal,Business Services: Security,5,21,0,0,#VALUE!,,,,
Vivint,Business Services: Security,6,6,0,0,#VALUE!,,,,
24-7 Intouch,Business Services: Staffing & Outsourcing,0,0,0,0,0,,,,
"Aerotek, Inc.",Business Services: Staffing & Outsourcing,7,10,0,0,#VALUE!,,,,
Beetroot,Business Services: Staffing & Outsourcing,6,52,0,0,#VALUE!,,,,
Caastle,Business Services: Staffing & Outsourcing,12,4,0,0,#VALUE!,,,,
Concurrent HRO,Business Services: Staffing & Outsourcing,2,2,0,0,#VALUE!,,,,
Cyberbacker PH,Business Services: Staffing & Outsourcing,5,2,0,0,#VALUE!,,,,
Daversa Partners,Business Services: Staffing & Outsourcing,12,0,0,0,#VALUE!,,,,
Hays,Business Services: Staffing & Outsourcing,4,8,0,0,#VALUE!,,,,
Kforce,Business Services: Staffing & Outsourcing,1,0,0,0,#VALUE!,,,,
Manpower,Business Services: Staffing & Outsourcing,20,0,0,0,#VALUE!,,,,
Marketsource,Business Services: Staffing & Outsourcing,1,11,0,0,#VALUE!,,,,
MarketStar,Business Services: Staffing & Outsourcing,6,6,0,0,#VALUE!,,,,
Maxim Healthcare Services,Business Services: Staffing & Outsourcing,5,0,0,0,#VALUE!,,,,
nFuzion,Business Services: Staffing & Outsourcing,4,0,0,0,#VALUE!,,,,
Norwin Technologies,Business Services: Staffing & Outsourcing,2,0,0,0,#VALUE!,,,,
Populus Group,Business Services: Staffing & Outsourcing,12,12,0,0,#VALUE!,,,,
Randstad Sourceright,Business Services: Staffing & Outsourcing,39,13,0,0,#VALUE!,,,,
Recruitics,Business Services: Staffing & Outsourcing,9,4,0,0,#VALUE!,,,,
Robert Half,Business Services: Staffing & Outsourcing,6,4,0,0,#VALUE!,,,,
Rochester Telemessaging Center,Business Services: Staffing & Outsourcing,3,12,0,0,#VALUE!,,,,
Search Solution Group,Business Services: Staffing & Outsourcing,12,6,0,0,#VALUE!,,,,
TaskUs,Business Services: Staffing & Outsourcing,6,0,0,0,#VALUE!,,,,
WilsonHCG,Business Services: Staffing & Outsourcing,26,26,0,0,#VALUE!,,,,
Alight Solutions,Business Services: Technology Solutions,8,2,0,0,#VALUE!,,,,
Allied Telecom Group,Business Services: Technology Solutions,10,0,0,0,#VALUE!,,,,
Bazaarvoice,Business Services: Technology Solutions,12,0,0,0,#VALUE!,,,,
Broadridge Financial Solutions Group,Business Services: Technology Solutions,10.5,18,0,0,#VALUE!,,,,
CareDox,Business Services: Technology Solutions,12,1,0,0,#VALUE!,,,,
Clever Devices,Business Services: Technology Solutions,4,4,0,0,#VALUE!,,,,
Galois,Business Services: Technology Solutions,16,12,0,0,#VALUE!,,,,
Paya,Business Services: Technology Solutions,5,7,0,0,#VALUE!,,,,
Pitney Bowes,Business Services: Technology Solutions,8,0,0,0,#VALUE!,,,,
Sprinklr,Business Services: Technology Solutions,14,0,0,0,#VALUE!,,,,
Taulia Inc.,Business Services: Technology Solutions,16,8,0,0,#VALUE!,,,,
Thoughtworks,Business Services: Technology Solutions,12,0,0,0,#VALUE!,,,,
TodayTix,Business Services: Technology Solutions,12,0,0,0,#VALUE!,,,,
Sysdig,Computer & Network Security,13,0,0,0,#VALUE!,,,,
Miro,Computer Software,12,0,6,0,18,,,,
General Electric,Conglomerate,12,0,0,0,#VALUE!,,,,
Growmark,Conglomerate,2,12,0,0,#VALUE!,,,,
Koch Industries,Conglomerate,6,6,0,0,#VALUE!,,,,
Newell Brands,Conglomerate,12,3,0,0,#VALUE!,,,,
"Reliance Industries, Ltd",Conglomerate,52,24,0,0,#VALUE!,,,,
Siemens Industry Automation and Drive Technologies,Conglomerate,9.5,0,0,0,#VALUE!,,,,
Textron Inc.,Conglomerate,2,0,0,0,#VALUE!,,,,
Accenture,Consulting Services,16,2,0,0,#VALUE!,,,,
Alvarez & Marsal,Consulting Services,12,0,0,0,#VALUE!,,,,
Arc Aspicio,Consulting Services,6,13,0,0,#VALUE!,,,,
Artemis Connection,Consulting Services,10,29,0,0,#VALUE!,,,,
AustinCSI,Consulting Services,4,0,0,0,#VALUE!,,,,
BSR (Business for Social Responsibility),Consulting Services,5,2,0,0,#VALUE!,,,,
Capco,Consulting Services,18,52,0,0,#VALUE!,,,,
Capgemini,Consulting Services,14,4,0,0,#VALUE!,,,,
Credera,Consulting Services,6,0,0,0,#VALUE!,,,,
Dalberg,Consulting Services,26,26,0,0,#VALUE!,,,,
Dexis Consulting Group,Consulting Services,5,0,0,0,#VALUE!,,,,
FTI Consulting,Consulting Services,16,12,0,0,#VALUE!,,,,
GHD Group Pty Ltd,Consulting Services,6,12,0,0,#VALUE!,,,,
Guidehouse,Consulting Services,9,17,0,0,#VALUE!,,,,
Heidrick & Struggles,Consulting Services,16,12,0,0,#VALUE!,,,,
Indigo Ag,Consulting Services,12,0,0,0,#VALUE!,,,,
Intentional Futures,Consulting Services,8,6,0,0,#VALUE!,,,,
Jasper Colin Research,Consulting Services,24,18,0,0,#VALUE!,,,,
Macro Consultants LLC,Consulting Services,8,12,0,0,#VALUE!,,,,
Mead & Hunt,Consulting Services,16,10,0,0,#VALUE!,,,,
MSA Worldwide,Consulting Services,8,0,0,0,#VALUE!,,,,
MTX Group Inc,Consulting Services,52,0,0,0,#VALUE!,,,,
Navigant Consulting,Consulting Services,6,6,0,0,#VALUE!,,,,
Novantas Inc.,Consulting Services,6,0,0,0,#VALUE!,,,,
NTT DATA Services,Consulting Services,6,12,0,0,#VALUE!,,,,
O.C. Tanner,Consulting Services,6,12,0,0,#VALUE!,,,,
OC&C Strategy Consultants,Consulting Services,26,26,0,0,#VALUE!,,,,
Oliver Wyman,Consulting Services,18,6,0,0,#VALUE!,,,,
"Perficient, Inc.",Consulting Services,4,4,0,0,#VALUE!,,,,
PwC,Consulting Services,16,4,0,0,#VALUE!,,,,
Resource Systems Group,Consulting Services,4,12,0,0,#VALUE!,,,,
Search Discovery,Consulting Services,7,6,0,0,#VALUE!,,,,
Stride Consulting,Consulting Services,3,7,0,0,#VALUE!,,,,
"TCG, Inc",Consulting Services,3,16,0,0,#VALUE!,,,,
True Group,Consulting Services,6,12,0,0,#VALUE!,,,,
West Monroe,Consulting Services,12,0,0,0,#VALUE!,,,,
ZS,Consulting Services,16,12,0,0,#VALUE!,,,,
Anheuser-Busch InBev,Consumer Packaged Goods: Beverages,26,0,0,0,#VALUE!,,,,
Beam Suntory,Consumer Packaged Goods: Beverages,26,0,0,0,#VALUE!,,,,
Boston Beer Company,Consumer Packaged Goods: Beverages,3,10,0,0,#VALUE!,,,,
Molson Coors Brewing Company,Consumer Packaged Goods: Beverages,14,0,0,0,#VALUE!,,,,
Nestle Waters,Consumer Packaged Goods: Beverages,14,10,0,0,#VALUE!,,,,
PepsiCo,Consumer Packaged Goods: Beverages,6,6,0,0,#VALUE!,,,,
Pernod Ricard,Consumer Packaged Goods: Beverages,12,0,0,0,#VALUE!,,,,
Ranch Rider Spirits,Consumer Packaged Goods: Beverages,10,0,0,0,#VALUE!,,,,
The Coca-Cola Company,Consumer Packaged Goods: Beverages,12,0,0,0,#VALUE!,,,,
Total Wine & More,Consumer Packaged Goods: Beverages,8,0,4,0,12,,,,
 Braum's Ice Cream & Dairy Store,Consumer Packaged Goods: Packaged Foods,3,1,0,0,#VALUE!,,,,
Ajinomoto,Consumer Packaged Goods: Packaged Foods,9,12,0,0,#VALUE!,,,,
Bimbo Bakeries USA,Consumer Packaged Goods: Packaged Foods,8,24,0,0,#VALUE!,,,,
Campbell Soup Company,Consumer Packaged Goods: Packaged Foods,10,0,0,0,#VALUE!,,,,
Frito-Lay,Consumer Packaged Goods: Packaged Foods,6,6,0,0,#VALUE!,,,,
Impossible Foods,Consumer Packaged Goods: Packaged Foods,12,17,0,0,#VALUE!,,,,
Lindt & Sprüngli,Consumer Packaged Goods: Packaged Foods,6,6,0,0,#VALUE!,,,,
Nestle,Consumer Packaged Goods: Packaged Foods,14,26,0,0,#VALUE!,,,,
R. M. Palmer Company,Consumer Packaged Goods: Packaged Foods,6,18,0,0,#VALUE!,,,,
Taylor Company,Consumer Packaged Goods: Packaged Foods,26,0,0,0,#VALUE!,,,,
The Coffee Bean & Tea Leaf,Consumer Packaged Goods: Packaged Foods,6,0,0,0,#VALUE!,,,,
"The Dannon Company, Inc.",Consumer Packaged Goods: Packaged Foods,20,0,0,0,#VALUE!,,,,
The J.M. Smucker Company,Consumer Packaged Goods: Packaged Foods,8,0,0,0,#VALUE!,,,,
WellPet LLC,Consumer Packaged Goods: Packaged Foods,12,12,0,0,#VALUE!,,,,
Colgate-Palmolive Company,Consumer Packaged Goods: Packaged Products,19.5,6,0,0,#VALUE!,,,,
Elanco Animal Health,Consumer Packaged Goods: Packaged Products,12,12,0,0,#VALUE!,,,,
Henkel,Consumer Packaged Goods: Packaged Products,8,3,0,0,#VALUE!,,,,
Nestle Purina PetCare Company,Consumer Packaged Goods: Packaged Products,8.5,0,0,0,#VALUE!,,,,
Procter & Gamble,Consumer Packaged Goods: Packaged Products,12,2,0,0,#VALUE!,,,,
The Scotts Miracle-Gro Company,Consumer Packaged Goods: Packaged Products,10,0,0,0,#VALUE!,,,,
"Altria Group, Inc.",Consumer Packaged Goods: Tobacco,6,0,0,0,#VALUE!,,,,
Reynolds American Inc.,Consumer Packaged Goods: Tobacco,16,0,16,0,32,,,,
Munchkin,Consumer Packaged Goods: Toys & Baby Products,6,0,0,0,#VALUE!,,,,
Aesop,Cosmetics,12,0,6,0,18,,,,
Benefit Cosmetics LLC,Cosmetics,12,4,0,0,#VALUE!,,,,
Curology,Cosmetics,12,12,0,0,#VALUE!,,,,
Edge Systems LLC,Cosmetics,12,0,0,0,#VALUE!,,,,
Estee Lauder Companies,Cosmetics,24,0,0,0,#VALUE!,,,,
Mac Cosmetics,Cosmetics,12,8,0,0,#VALUE!,,,,
Revlon,Cosmetics,12,12,0,0,#VALUE!,,,,
BAE Systems,Defense & Space,2,12,0,0,#VALUE!,,,,
L3Harris,Defense & Space,5,3,0,0,#VALUE!,,,,
Sierra Nevada Corperation,Defense & Space,5,8,0,0,#VALUE!,,,,
Textron Systems,Defense & Space,2,0,0,0,#VALUE!,,,,
10up,Design,4,12,0,0,#VALUE!,,,,
Kettle,Design,12,12,0,0,#VALUE!,,,,
Reaktor,Design,16,8,0,0,#VALUE!,,,,
Bard College,Educational Services: College & Universities,8,6,0,0,#VALUE!,,,,
Bryant University,Educational Services: College & Universities,0,6,0,0,#VALUE!,,,,
California State University,Educational Services: College & Universities,4,12,0,0,#VALUE!,,,,
Capella University,Educational Services: College & Universities,12,4,0,0,#VALUE!,,,,
Case Western Reserve University,Educational Services: College & Universities,7,0,0,0,#VALUE!,,,,
Colorado State University,Educational Services: College & Universities,3,9,0,0,#VALUE!,,,,
Columbia University,Educational Services: College & Universities,6,12,0,0,#VALUE!,,,,
Columbia University Information Technology,Educational Services: College & Universities,6,6,0,0,#VALUE!,,,,
Dartmouth College,Educational Services: College & Universities,2,8,0,0,#VALUE!,,,,
Dickinson College,Educational Services: College & Universities,12,0,6,0,18,,,,
Duke University,Educational Services: College & Universities,6,9,0,0,#VALUE!,,,,
Ferris State University,Educational Services: College & Universities,6,6,0,0,#VALUE!,,,,
Florida International University,Educational Services: College & Universities,6,12,0,0,#VALUE!,,,,
Georgetown University,Educational Services: College & Universities,8,0,0,0,#VALUE!,,,,
Griffith University,Educational Services: College & Universities,26,26,0,0,#VALUE!,,,,
Harvard Business School,Educational Services: College & Universities,16,7,0,0,#VALUE!,,,,
Harvard University,Educational Services: College & Universities,12,12,0,0,#VALUE!,,,,
Imperial College London,Educational Services: College & Universities,18,20,0,0,#VALUE!,,,,
Indiana University,Educational Services: College & Universities,6,12,0,0,#VALUE!,,,,
IUPUI,Educational Services: College & Universities,6,6,0,0,#VALUE!,,,,
Johns Hopkins University,Educational Services: College & Universities,10,12,0,0,#VALUE!,,,,
Johns Hopkins University Applied Physics Laboratory,Educational Services: College & Universities,2,26,0,0,#VALUE!,,,,
Lasell College,Educational Services: College & Universities,12,0,0,0,#VALUE!,,,,
Marquette University,Educational Services: College & Universities,8,0,0,0,#VALUE!,,,,
Medical University of South Carolina,Educational Services: College & Universities,6,6,0,0,#VALUE!,,,,
New York University,Educational Services: College & Universities,12,0,0,0,#VALUE!,,,,
Northeastern University,Educational Services: College & Universities,8,4,0,0,#VALUE!,,,,
Northwestern University,Educational Services: College & Universities,9,6,0,0,#VALUE!,,,,
NYU School of Medicine,Educational Services: College & Universities,5,24,0,0,#VALUE!,,,,
Rutgers University,Educational Services: College & Universities,6,12,0,0,#VALUE!,,,,
The George Washington University,Educational Services: College & Universities,6,2,0,0,#VALUE!,,,,
The Ohio State University,Educational Services: College & Universities,12,12,0,0,#VALUE!,,,,
Tufts University,Educational Services: College & Universities,12,4,0,0,#VALUE!,,,,
UCLA,Educational Services: College & Universities,13,9,0,0,#VALUE!,,,,
University at Buffalo,Educational Services: College & Universities,12,12,0,0,#VALUE!,,,,
University of Arizona,Educational Services: College & Universities,6,3,0,0,#VALUE!,,,,
University of British Columbia,Educational Services: College & Universities,52,0,0,0,#VALUE!,,,,
University of California Berkeley,Educational Services: College & Universities,12,12,0,0,#VALUE!,,,,
University of Massachusetts Amherst,Educational Services: College & Universities,12,24,0,0,#VALUE!,,,,
University of Michigan,Educational Services: College & Universities,12,12,0,0,#VALUE!,,,,
University of New Hampshire,Educational Services: College & Universities,12,0,0,0,#VALUE!,,,,
University of Notre Dame,Educational Services: College & Universities,12,12,0,0,#VALUE!,,,,
University of Tampa,Educational Services: College & Universities,6,6,0,0,#VALUE!,,,,
Utah State University,Educational Services: College & Universities,4,0,0,0,4,,,,
Virgina Commonwealth University,Educational Services: College & Universities,4,4,0,0,#VALUE!,,,,
Webster University,Educational Services: College & Universities,6,6,0,0,#VALUE!,,,,
Wheaton College,Educational Services: College & Universities,4,0,0,0,#VALUE!,,,,
360DigiTMG,Educational Services: E-Learning,2,4,0,0,#VALUE!,,,,
Chegg,Educational Services: E-Learning,10,12,0,0,#VALUE!,,,,
Clever,Educational Services: E-Learning,12,0,0,0,#VALUE!,,,,
Degreed,Educational Services: E-Learning,32,46,0,0,#VALUE!,,,,
Imagine Learning,Educational Services: E-Learning,6,0,0,0,#VALUE!,,,,
Pluralsight,Educational Services: E-Learning,6,0,0,0,#VALUE!,,,,
Renaissance Learning,Educational Services: E-Learning,9,6,0,0,#VALUE!,,,,
Skillcrush,Educational Services: E-Learning,8,8,0,0,#VALUE!,,,,
Soomo Learning,Educational Services: E-Learning,12,0,0,0,#VALUE!,,,,
Zearn,Educational Services: E-Learning,12,4,0,0,#VALUE!,,,,
CIEE,Educational Services: Management,12,12,0,0,#VALUE!,,,,
General Assembly,Educational Services: Management,16,4,0,0,#VALUE!,,,,
NWEA,Educational Services: Management,8,52,0,0,#VALUE!,,,,
Prince William County Public Schools,Educational Services: Management,12,12,0,0,#VALUE!,,,,
Santa Fe Public Schools,Educational Services: Management,4,36,0,0,#VALUE!,,,,
Teachstone,Educational Services: Management,2,12,0,0,#VALUE!,,,,
The College Board,Educational Services: Management,8,8,0,0,#VALUE!,,,,
"ACT, Inc",Educational Services: Other,6,0,0,0,#VALUE!,,,,
British Council,Educational Services: Other,26,0,0,0,#VALUE!,,,,
Pearson,Educational Services: Other,8.5,8,0,0,#VALUE!,,,,
Savvas Learning Company,Educational Services: Other,3,12,0,0,#VALUE!,,,,
Texas A&M AgriLife Research,Educational Services: Other,26,0,0,0,#VALUE!,,,,
The Concord Consortium,Educational Services: Other,8,0,0,0,#VALUE!,,,,
KinderCare Learning Companies,Educational Services: Preschool,6,0,0,0,#VALUE!,,,,
Aperian Global,Educational Services: Professional Training,4,12,0,0,#VALUE!,,,,
Achievement First,Educational Services: School,42,14,0,0,#VALUE!,,,,
Cobb County School District,Educational Services: School,6,12,0,0,#VALUE!,,,,
Curtis Institute of Music,Educational Services: School,12,0,12,0,24,,,,
Henderson Collegiate,Educational Services: School,9,3,0,0,#VALUE!,,,,
Humble Independent School District,Educational Services: School,12,0,0,0,#VALUE!,,,,
IDEA Public Schools,Educational Services: School,6,6,0,0,#VALUE!,,,,
Long Trail School,Educational Services: School,6,0,0,0,#VALUE!,,,,
San Francisco Unified School District,Educational Services: School,6,0,0,0,#VALUE!,,,,
The Meadowbrook School of Weston,Educational Services: School,12,0,0,0,#VALUE!,,,,
Creative Education Services,Educational Services: Tutoring,16,0,0,0,#VALUE!,,,,
Armada Technologies,Electronics: Manufacturing,2,10,0,0,#VALUE!,,,,
Bose,Electronics: Manufacturing,12,12,0,0,#VALUE!,,,,
Harman International Industries,Electronics: Manufacturing,12,0,0,0,#VALUE!,,,,
iRobot,Electronics: Manufacturing,15,0,0,0,#VALUE!,,,,
Keysight Technologies,Electronics: Manufacturing,8,52,0,0,#VALUE!,,,,
Legrand,Electronics: Manufacturing,12,2,0,0,#VALUE!,,,,
Maxim Integrated Products,Electronics: Manufacturing,8,12,0,0,#VALUE!,,,,
Philips,Electronics: Manufacturing,8,4,0,0,#VALUE!,,,,
Radar,Electronics: Manufacturing,12,0,0,0,#VALUE!,,,,
Sanmina,Electronics: Manufacturing,6,6,0,0,#VALUE!,,,,
Trane Technologies,Electronics: Manufacturing,11,0,0,0,#VALUE!,,,,
Reprise,Engineering,12,0,0,0,#VALUE!,,,,
Barclays,Finance,16,8,0,0,#VALUE!,,,,
Progressive Leasing,Finance,12,0,0,0,#VALUE!,,,,
Acorns,Finance: Asset Management,12,2,0,0,#VALUE!,,,,
AllianceBernstein LP,Finance: Asset Management,12,0,0,0,#VALUE!,,,,
American Century Investments,Finance: Asset Management,6,0,0,0,#VALUE!,,,,
American Endowment Foundation,Finance: Asset Management,0,12,0,0,#VALUE!,,,,
BNY Mellon,Finance: Asset Management,16,8,0,0,#VALUE!,,,,
Bridgewater Associates,Finance: Asset Management,11,29,0,0,#VALUE!,,,,
"Cantella & Co., Inc.",Finance: Asset Management,8,0,0,0,#VALUE!,,,,
Citadel,Finance: Asset Management,12,0,0,0,#VALUE!,,,,
Coller Capital Ltd.,Finance: Asset Management,6,12,0,0,#VALUE!,,,,
DWS,Finance: Asset Management,16,52,0,0,#VALUE!,,,,
Fisher Investments,Finance: Asset Management,8,8,0,0,#VALUE!,,,,
Gemini Trust Company,Finance: Asset Management,18,0,0,0,#VALUE!,,,,
Golub Capital,Finance: Asset Management,3,0,0,0,#VALUE!,,,,
Invesco,Finance: Asset Management,12,3,0,0,#VALUE!,,,,
North Star Resource Group,Finance: Asset Management,6,6,0,0,#VALUE!,,,,
The StepStone Group LP,Finance: Asset Management,16,4,0,0,#VALUE!,,,,
TIAA,Finance: Asset Management,16,0,0,0,#VALUE!,,,,
TPG Capital,Finance: Asset Management,16,0,0,0,#VALUE!,,,,
Trinity Lifetime,Finance: Asset Management,39,13,0,0,#VALUE!,,,,
Vanguard Group,Finance: Asset Management,10,0,0,0,#VALUE!,,,,
American Express,Finance: Credit & Fund Services,20,0,0,0,#VALUE!,,,,
American Honda Finance Corp,Finance: Credit & Fund Services,12,5,0,0,#VALUE!,,,,
Navy Federal Credit Union,Finance: Credit Unions,16,0,0,0,#VALUE!,,,,
Achieve,Finance: Diversified,4,8,0,0,#VALUE!,,,,
Andrew Davidson & Co,Finance: Diversified,12,0,0,0,#VALUE!,,,,
ASB Bank,Finance: Diversified,26,26,0,0,#VALUE!,,,,
Bank of America,Finance: Diversified,16,4,0,0,#VALUE!,,,,
BB&T Corporation,Finance: Diversified,6,2,0,0,#VALUE!,,,,
BBVA,Finance: Diversified,12,0,0,0,#VALUE!,,,,
BNP Paribas,Finance: Diversified,16,0,0,0,#VALUE!,,,,
Capital One,Finance: Diversified,18,0,0,0,#VALUE!,,,,
CAPTRUST,Finance: Diversified,2,14,0,0,#VALUE!,,,,
CME Group,Finance: Diversified,12,0,4,0,16,,,,
Computershare,Finance: Diversified,7,3.5,0,0,#VALUE!,,,,
Credit Suisse,Finance: Diversified,20,2,0,0,#VALUE!,,,,
Digistream Investigations,Finance: Diversified,12,12,0,0,#VALUE!,,,,
Edward Jones,Finance: Diversified,16,3,0,0,#VALUE!,,,,
Fidelity Investments,Finance: Diversified,15,4,0,0,#VALUE!,,,,
First Citizens Bank,Finance: Diversified,4,6,0,0,#VALUE!,,,,
Geller & Company,Finance: Diversified,12,0,0,0,#VALUE!,,,,
HSBC,Finance: Diversified,19,0,0,0,#VALUE!,,,,
JMP Group LLC,Finance: Diversified,12,0,0,0,#VALUE!,,,,
JPMorgan Chase,Finance: Diversified,12.5,0,0,0,#VALUE!,,,,
Kasasa by BancVue,Finance: Diversified,12,0,0,0,#VALUE!,,,,
Lincoln Financial Group,Finance: Diversified,10,12,0,0,#VALUE!,,,,
Marsh McLennan,Finance: Diversified,8.5,8.5,0,0,#VALUE!,,,,
Morgan Stanley,Finance: Diversified,16,0,0,0,#VALUE!,,,,
Nomura,Finance: Diversified,16,0,2,0,18,,,,
Scotiabank,Finance: Diversified,14,3,0,0,#VALUE!,,,,
Securian Financial Group Inc.,Finance: Diversified,12,0,0,0,#VALUE!,,,,
Standard Chartered,Finance: Diversified,20,0,2,0,22,,,,
State Street Corporation,Finance: Diversified,8,2,0,0,#VALUE!,,,,
Stifel Nicolaus & Co.,Finance: Diversified,16,0,8,0,24,,,,
USAA,Finance: Diversified,12,2,0,0,#VALUE!,,,,
Northwestern Mutual – Corporate Careers,Finance: Life,12,1,0,0,#VALUE!,,,,
Better Mortgage,Finance: Loans,16.5,13,0,0,#VALUE!,,,,
OneMain Financial,Finance: Loans,8,0,0,0,#VALUE!,,,,
Quicken Loans Inc.,Finance: Loans,6,1.5,0,0,#VALUE!,,,,
Veterans United Home Loans,Finance: Loans,8,0,0,0,#VALUE!,,,,
ANZ,Finance: Personal & Commercial Banking,12,52,0,0,#VALUE!,,,,
Bank of the West,Finance: Personal & Commercial Banking,16,12,0,0,#VALUE!,,,,
BMO Harris Bank,Finance: Personal & Commercial Banking,12,12,0,0,#VALUE!,,,,
CIT,Finance: Personal & Commercial Banking,20,8,0,0,#VALUE!,,,,
Citizens Bank,Finance: Personal & Commercial Banking,12,0,0,0,#VALUE!,,,,
Commonwealth Bank of Australia,Finance: Personal & Commercial Banking,12,52,0,0,#VALUE!,,,,
Federal Home Loan Bank Of New York,Finance: Personal & Commercial Banking,12,0,0,0,#VALUE!,,,,
Fifth Third Bank,Finance: Personal & Commercial Banking,9,6,0,0,#VALUE!,,,,
First Republic Bank,Finance: Personal & Commercial Banking,12,0,0,0,#VALUE!,,,,
Huntington Bank,Finance: Personal & Commercial Banking,4,8,0,0,#VALUE!,,,,
KeyBank,Finance: Personal & Commercial Banking,12,6,0,0,#VALUE!,,,,
M&T Bank Corporation,Finance: Personal & Commercial Banking,12,12,0,0,#VALUE!,,,,
Santander US,Finance: Personal & Commercial Banking,6,6,0,0,#VALUE!,,,,
Société Générale,Finance: Personal & Commercial Banking,12,0,0,0,#VALUE!,,,,
Stanbic IBTC Bank,Finance: Personal & Commercial Banking,12,4,0,0,#VALUE!,,,,
SunTrust Banks,Finance: Personal & Commercial Banking,16,4,0,0,#VALUE!,,,,
U.S. Bank,Finance: Personal & Commercial Banking,13,0,0,0,#VALUE!,,,,
Union Bank,Finance: Personal & Commercial Banking,21,8,0,0,#VALUE!,,,,
Vanquis Bank,Finance: Personal & Commercial Banking,20,26,0,0,#VALUE!,,,,
Wintrust Financial Corporation,Finance: Personal & Commercial Banking,10,2,0,0,#VALUE!,,,,
"Adams Street Partners, LLC",Finance: Venture Capital,12,2,0,0,#VALUE!,,,,
"Guggenheim Partners, LLC",Finance: Venture Capital,18,0,18,0,36,,,,
City of Virginia Beach,Government: City,6,0,0,0,#VALUE!,,,,
New York City,Government: City,12,4,0,0,#VALUE!,,,,
New York City Economic Development Corporation,Government: City,6,1,0,0,#VALUE!,,,,
The City of Portland,Government: City,6,6,0,0,#VALUE!,,,,
The City of San Antonio,Government: City,6,6,0,0,#VALUE!,,,,
Peraton,Government: Contractor,1.5,12,0,0,#VALUE!,,,,
Marion County Sheriff's Office,Government: County,13,20,0,0,#VALUE!,,,,
"Multnomah County, Oregon",Government: County,12,0,0,0,#VALUE!,,,,
Spokane County,Government: County,52,26,0,0,#VALUE!,,,,
Corporation for National and Community Service,Government: Federal,0,0,0,0,#VALUE!,,,,
Federal Deposit Insurance Corporation,Government: Federal,12,12,0,0,#VALUE!,,,,
Federal Public Defender,Government: Federal,12,0,0,0,#VALUE!,,,,
Federal Reserve Bank of New York,Government: Federal,8,8,0,0,#VALUE!,,,,
Los Alamos National Laboratory,Government: Federal,3,12,0,0,#VALUE!,,,,
NASA Jet Propulsion Laboratory,Government: Federal,12,0,0,0,#VALUE!,,,,
Naval Medical Center Portsmouth,Government: Federal,46,0,0,0,#VALUE!,,,,
NavSea,Government: Federal,11,6,0,0,#VALUE!,,,,
NSA,Government: Federal,8,6.5,0,0,#VALUE!,,,,
The United States Air Force,Government: Federal,12,0,0,0,#VALUE!,,,,
U.S. Department of Education,Government: Federal,0,12,0,0,#VALUE!,,,,
U.S. Department of Veterans Affairs,Government: Federal,11,11,0,0,#VALUE!,,,,
U.S. Social Security Administration,Government: Federal,6,12,0,0,#VALUE!,,,,
United States Army,Government: Federal,6,0,0,0,#VALUE!,,,,
United States Department of State,Government: Federal,9,15,0,0,#VALUE!,,,,
United States Trade and Development Agency,Government: Federal,12,0,0,0,#VALUE!,,,,
USAID,Government: Federal,6,0,0,0,#VALUE!,,,,
United Nations,Government: International,4,0,0,0,#VALUE!,,,,
World Health Organization,Government: International,24,52,0,0,#VALUE!,,,,
Commonwealth of Massachusetts,Government: State,2,24,0,0,#VALUE!,,,,
DBPR,Government: State,12,0,0,0,#VALUE!,,,,
State of North Carolina,Government: State,12,0,0,0,#VALUE!,,,,
Companion Animal Hospital Partners,Healthcare: Animal Health,6,6,0,0,#VALUE!,,,,
Veterinary Emergency Group,Healthcare: Animal Health,6,6,0,0,#VALUE!,,,,
Zoetis,Healthcare: Animal Health,2,0,0,0,#VALUE!,,,,
Beacon Health Options,Healthcare: Behavioral,4,6,0,0,#VALUE!,,,,
Ambry Genetics,Healthcare: Biotechnology,6,0,0,0,#VALUE!,,,,
Biogen,Healthcare: Biotechnology,12,6,0,0,#VALUE!,,,,
bioMerieux,Healthcare: Biotechnology,12,0,0,0,#VALUE!,,,,
Bolt Threads,Healthcare: Biotechnology,12,0,0,0,#VALUE!,,,,
Charles River Laboratories,Healthcare: Biotechnology,9,3,0,0,#VALUE!,,,,
Genentech,Healthcare: Biotechnology,12,0,0,0,#VALUE!,,,,
"Gilead Sciences, Inc.",Healthcare: Biotechnology,12,6,0,0,#VALUE!,,,,
Idexx Laboratories,Healthcare: Biotechnology,12,8,0,0,#VALUE!,,,,
NanoString Technologies,Healthcare: Biotechnology,12,0,0,0,#VALUE!,,,,
Nova Biomedical,Healthcare: Biotechnology,6,6,0,0,#VALUE!,,,,
Novozymes,Healthcare: Biotechnology,17,0,0,0,#VALUE!,,,,
Promega Corporation,Healthcare: Biotechnology,4,0,0,0,#VALUE!,,,,
SCIEX,Healthcare: Biotechnology,15,26,0,0,#VALUE!,,,,
Bupa,Healthcare: Diversified,14,36,0,0,#VALUE!,,,,
Call9,Healthcare: Diversified,8,4,0,0,#VALUE!,,,,
Saint Francis Medical Center,Healthcare: Diversified,6,0,0,0,#VALUE!,,,,
BAYADA,Healthcare: Family Care,0,0,0,0,0,,,,
Inspire Wellness,Healthcare: Family Care,12,6,0,0,#VALUE!,,,,
Landmark Health,Healthcare: Family Care,4,8,0,0,#VALUE!,,,,
Southwest Idaho Treatment Center,Healthcare: Family Care,12,0,0,0,#VALUE!,,,,
Ascension Health,Healthcare: Hospitals & Clinics,8,0,0,0,#VALUE!,,,,
Baptist Health System,Healthcare: Hospitals & Clinics,12,0,0,0,#VALUE!,,,,
Bon Secours Mercy Health,Healthcare: Hospitals & Clinics,8,8,0,0,#VALUE!,,,,
Central Maine Medical Center,Healthcare: Hospitals & Clinics,12,0,0,0,#VALUE!,,,,
Children's Hospital of Pittsburgh of UPMC,Healthcare: Hospitals & Clinics,2,10,0,0,#VALUE!,,,,
Children's Wisconsin,Healthcare: Hospitals & Clinics,0,12,0,0,#VALUE!,,,,
Christiana Care Health System,Healthcare: Hospitals & Clinics,6,6,0,0,#VALUE!,,,,
Cincinnati Children's Hospital Medical Center,Healthcare: Hospitals & Clinics,12,0,0,0,#VALUE!,,,,
Duke Health,Healthcare: Hospitals & Clinics,6,6,0,0,#VALUE!,,,,
Everett Clinic,Healthcare: Hospitals & Clinics,12,0,0,0,#VALUE!,,,,
Houston Methodist Hospital,Healthcare: Hospitals & Clinics,6,6,0,0,#VALUE!,,,,
Johns Hopkins All Children's Hospital,Healthcare: Hospitals & Clinics,8,0,0,0,#VALUE!,,,,
Lovelace Health System,Healthcare: Hospitals & Clinics,0,6,0,0,#VALUE!,,,,
Mercy,Healthcare: Hospitals & Clinics,4,1,0,0,#VALUE!,,,,
MetroHealth Medical Center,Healthcare: Hospitals & Clinics,12,0,0,0,#VALUE!,,,,
Michigan Medicine,Healthcare: Hospitals & Clinics,6,0,0,0,#VALUE!,,,,
Molina Healthcare,Healthcare: Hospitals & Clinics,6,0,0,0,#VALUE!,,,,
Montefiore Medical Center,Healthcare: Hospitals & Clinics,0,0,0,0,0,,,,
Moses Cone,Healthcare: Hospitals & Clinics,0,0,0,0,#VALUE!,,,,
New Century Health,Healthcare: Hospitals & Clinics,12,0,0,0,#VALUE!,,,,
New York State Psychiatric Institute,Healthcare: Hospitals & Clinics,12,0,0,0,#VALUE!,,,,
Northwell Health,Healthcare: Hospitals & Clinics,0,12,0,0,#VALUE!,,,,
NYU Langone Health,Healthcare: Hospitals & Clinics,9.5,6,0,0,#VALUE!,,,,
Partners Healthcare,Healthcare: Hospitals & Clinics,8,4,0,0,#VALUE!,,,,
Penn Medicine,Healthcare: Hospitals & Clinics,6,6,0,0,#VALUE!,,,,
Providence,Healthcare: Hospitals & Clinics,8,12,0,0,#VALUE!,,,,
Temple University Hospital,Healthcare: Hospitals & Clinics,0,12,0,0,#VALUE!,,,,
Texas Children's Hospital,Healthcare: Hospitals & Clinics,0,0,0,0,#VALUE!,,,,
LabCorp,Healthcare: Laboratory Testing,6,12,0,0,#VALUE!,,,,
Aeroflow Healthcare,Healthcare: Medical Devices,6,4,0,0,#VALUE!,,,,
Aquilant,Healthcare: Medical Devices,39,13,0,0,#VALUE!,,,,
BD,Healthcare: Medical Devices,12,4,0,0,#VALUE!,,,,
Boston Scientific,Healthcare: Medical Devices,12,0,0,0,#VALUE!,,,,
Cook Medical,Healthcare: Medical Devices,10,6,0,0,#VALUE!,,,,
Hillrom,Healthcare: Medical Devices,12,4,0,0,#VALUE!,,,,
Integra LifeSciences,Healthcare: Medical Devices,10,12,0,0,#VALUE!,,,,
Intuitive,Healthcare: Medical Devices,6,6,0,0,#VALUE!,,,,
Medela,Healthcare: Medical Devices,12,0,0,0,#VALUE!,,,,
MicroPort Orthopedics,Healthcare: Medical Devices,6,10,0,0,#VALUE!,,,,
Olympus Corporation,Healthcare: Medical Devices,4,1,0,0,#VALUE!,,,,
ResMed,Healthcare: Medical Devices,14,0,0,0,#VALUE!,,,,
Stryker Corporation,Healthcare: Medical Devices,12,2,0,0,#VALUE!,,,,
Terumo BCT,Healthcare: Medical Devices,9,18,0,0,#VALUE!,,,,
J&J MedTech,Healthcare: Products,8,0,0,0,#VALUE!,,,,
SmileDirectClub,Healthcare: Products,8,4,0,0,#VALUE!,,,,
Be The Match,Healthcare: Services,6,6,0,0,#VALUE!,,,,
Cardinal Health,Healthcare: Services,4,9,0,0,#VALUE!,,,,
GE Healthcare Systems,Healthcare: Services,12,4,0,0,#VALUE!,,,,
Heartland Dental,Healthcare: Services,6,12,0,0,#VALUE!,,,,
Lumeris,Healthcare: Services,6,0,0,0,#VALUE!,,,,
McKesson Specialty Health,Healthcare: Services,12,4,0,0,#VALUE!,,,,
Optum,Healthcare: Services,8,3,0,0,#VALUE!,,,,
Spectra,Hospitality,12,12,0,0,#VALUE!,,,,
Gordon Food Service,Hospitality: Foodservice Distributors,1,0,0,0,#VALUE!,,,,
Hilton,Hospitality: Hotels,12,6,0,0,#VALUE!,,,,
Hyatt,Hospitality: Hotels,8,0,0,0,#VALUE!,,,,
Rosewood Hotels & Resorts,Hospitality: Hotels,2,0,0,0,#VALUE!,,,,
Taj Hotels,Hospitality: Hotels,12,26,0,0,#VALUE!,,,,
Blue Apron,Hospitality: Meal Kit Delivery,12,0,0,0,#VALUE!,,,,
Disneyland,Hospitality: Resorts,8,0,0,0,#VALUE!,,,,
Great Wolf Resorts,Hospitality: Resorts,8,0,0,0,#VALUE!,,,,
Hilton Grand Vacations,Hospitality: Resorts,8,8,0,0,#VALUE!,,,,
Vail Resorts,Hospitality: Resorts,4,2,0,0,#VALUE!,,,,
Chick-fil-A,Hospitality: Restaurants,6,0,2,0,8,,,,
Chipotle Mexican Grill,Hospitality: Restaurants,12,0,0,0,#VALUE!,,,,
Gate Gourmet,Hospitality: Restaurants,6,12,0,0,#VALUE!,,,,
La Colombe Torrefaction,Hospitality: Restaurants,6,30,0,0,#VALUE!,,,,
Momofuku,Hospitality: Restaurants,4,8,0,0,#VALUE!,,,,
Red Robin,Hospitality: Restaurants,0,12,0,0,#VALUE!,,,,
Restaurant Brands International,Hospitality: Restaurants,16,0,0,0,#VALUE!,,,,
Texas Roadhouse,Hospitality: Restaurants,6,11,0,0,#VALUE!,,,,
Ergotron,Industrial: Appliances & Furniture,12,6,0,0,#VALUE!,,,,
Stanley Black & Decker,Industrial: Appliances & Furniture,2,16,0,0,#VALUE!,,,,
Steelcase,Industrial: Appliances & Furniture,10.5,27.5,0,0,#VALUE!,,,,
Whirlpool Corporation,Industrial: Appliances & Furniture,12,4,0,0,#VALUE!,,,,
Deborah Berke Partners,Industrial: Architecture & Design,6,4,0,0,#VALUE!,,,,
Grimshaw Architects,Industrial: Architecture & Design,5,10,0,0,#VALUE!,,,,
Hickok Cole Architects,Industrial: Architecture & Design,12,8,0,0,#VALUE!,,,,
HOK,Industrial: Architecture & Design,6,0,2,0,8,,,,
MG2,Industrial: Architecture & Design,6,6,0,0,#VALUE!,,,,
CertainTeed,Industrial: Building Materials Manufacturing,12,12,0,0,#VALUE!,,,,
Construction Specialties,Industrial: Building Materials Manufacturing,6,12,0,0,#VALUE!,,,,
Daltile,Industrial: Building Materials Manufacturing,0,12,0,0,#VALUE!,,,,
GAF,Industrial: Building Materials Manufacturing,6,12,0,0,#VALUE!,,,,
Lehigh Hanson,Industrial: Building Materials Manufacturing,6,6,0,0,#VALUE!,,,,
Sherwin-Williams,Industrial: Building Materials Manufacturing,8,4,0,0,#VALUE!,,,,
Wilsonart,Industrial: Building Materials Manufacturing,6,12,0,0,#VALUE!,,,,
Graham Construction & Engineering Inc,Industrial: Construction Company,12,52,0,0,#VALUE!,,,,
"CIRCOR International, Inc.",Industrial: Diversified,12,12,0,0,#VALUE!,,,,
Danaher,Industrial: Diversified,8,6,0,0,#VALUE!,,,,
Eaton,Industrial: Diversified,12,0,0,0,#VALUE!,,,,
Faith Technologies,Industrial: Diversified,8,4,0,0,#VALUE!,,,,
HDR,Industrial: Diversified,2,8,0,0,#VALUE!,,,,
Honeywell,Industrial: Diversified,4,12,0,0,#VALUE!,,,,
Jacobs,Industrial: Diversified,1,8,0,0,#VALUE!,,,,
Jason Industrial,Industrial: Diversified,12,0,0,0,#VALUE!,,,,
Babcock International Group,Industrial: Engineering,12,0,0,0,#VALUE!,,,,
Emerson Process Management,Industrial: Engineering,12,0,0,0,#VALUE!,,,,
Equinor,Industrial: Engineering,16,2,0,0,#VALUE!,,,,
GZA,Industrial: Engineering,4,0,0,0,#VALUE!,,,,
Pfaudler inc,Industrial: Engineering,10,0,0,0,#VALUE!,,,,
Quiddity Engineering,Industrial: Engineering,2,6,0,0,#VALUE!,,,,
Stantec,Industrial: Engineering,6,12,0,0,#VALUE!,,,,
Subsea 7,Industrial: Engineering,12,0,0,0,#VALUE!,,,,
WSP Global,Industrial: Engineering,2,12,0,0,#VALUE!,,,,
Xylem Inc.,Industrial: Engineering,4,0,0,0,#VALUE!,,,,
AGCO Corporation,Industrial: Equipment Manufacturing,6,6,0,0,#VALUE!,,,,
Association of Equipment Manufacturers,Industrial: Equipment Manufacturing,6,6,0,0,#VALUE!,,,,
"Atlantic Diving Supply, Inc.",Industrial: Equipment Manufacturing,6,6,0,0,#VALUE!,,,,
Emerson Climate Technologies,Industrial: Equipment Manufacturing,12,0,2,0,14,,,,
Genie Industries,Industrial: Equipment Manufacturing,12,12,0,0,#VALUE!,,,,
ITW,Industrial: Equipment Manufacturing,7,0,0,0,#VALUE!,,,,
KONE Corporation,Industrial: Equipment Manufacturing,9,0,0,0,#VALUE!,,,,
Terex,Industrial: Equipment Manufacturing,10,2,0,0,#VALUE!,,,,
Weir ESCO,Industrial: Equipment Manufacturing,1,12,0,0,#VALUE!,,,,
Zoox,Industrial: Equipment Manufacturing,12,0,0,0,#VALUE!,,,,
"Aleris International, Inc.",Industrial: Materials,4,0,0,0,#VALUE!,,,,
Avantor,Industrial: Materials,4,0,0,0,#VALUE!,,,,
HP Manufacturing,Industrial: Materials,6,6,0,0,#VALUE!,,,,
Orica,Industrial: Materials,12,0,0,0,#VALUE!,,,,
W.L. Gore,Industrial: Materials,12,12,0,0,#VALUE!,,,,
Grainger Industrial Supply,Industrial: Other,9,6,0,0,#VALUE!,,,,
Hunter Douglas,Industrial: Other,6,6,0,0,#VALUE!,,,,
United Rentals,Industrial: Other,6,7.5,0,0,#VALUE!,,,,
Bloomberg,Information Services: Diversified,26,0,0,0,#VALUE!,,,,
Nielsen Holdings N.V.,Information Services: Diversified,9,3,0,0,#VALUE!,,,,
RELX Group,Information Services: Diversified,13,20,0,0,#VALUE!,,,,
WinBizSolutions,Information Services: Diversified,16,0,0,0,#VALUE!,,,,
Wolters Kluwer,Information Services: Diversified,2,6,0,0,#VALUE!,,,,
Dun & Bradstreet,Information Services: Financial,15,20,0,0,#VALUE!,,,,
Experian PLC,Information Services: Financial,15,2.5,0,0,#VALUE!,,,,
Fitch Ratings,Information Services: Financial,12,0,0,0,#VALUE!,,,,
Ipreo Holdings LLC,Information Services: Financial,24,8,0,0,#VALUE!,,,,
NASDAQ,Information Services: Financial,15,0,0,0,#VALUE!,,,,
TransUnion,Information Services: Financial,17,0,0,0,#VALUE!,,,,
Bloomberg BNA,Information Services: Legal,12,10,0,0,#VALUE!,,,,
1010data,Information Services: Technology,12,8,0,0,#VALUE!,,,,
Avanade,Information Services: Technology,16,1.5,0,0,#VALUE!,,,,
Cloudreach,Information Services: Technology,12,0,0,0,#VALUE!,,,,
Dataminr,Information Services: Technology,16,0,0,0,#VALUE!,,,,
Dell Boomi,Information Services: Technology,12,0,12,0,24,,,,
"DoubleVerify, Inc.",Information Services: Technology,10,8,0,0,#VALUE!,,,,
Emids,Information Services: Technology,5,0,0,0,#VALUE!,,,,
Equian,Information Services: Technology,3,3,0,0,#VALUE!,,,,
Eras Tech,Information Services: Technology,26,0,0,0,#VALUE!,,,,
Gartner,Information Services: Technology,12,0,0,0,#VALUE!,,,,
Google Cloud,Information Services: Technology,18.5,32.5,0,0,#VALUE!,,,,
HealthStream,Information Services: Technology,6,12,0,0,#VALUE!,,,,
Hitachi Vantara,Information Services: Technology,12,0,0,0,#VALUE!,,,,
Infolock,Information Services: Technology,12,0,0,0,#VALUE!,,,,
Infosys,Information Services: Technology,1.5,1,0,0,#VALUE!,,,,
J2 Global,Information Services: Technology,16,0,0,0,#VALUE!,,,,
LeverX,Information Services: Technology,52,0,0,0,#VALUE!,,,,
LexisNexis,Information Services: Technology,14,0,0,0,#VALUE!,,,,
Lloyd Group,Information Services: Technology,3,0,0,0,#VALUE!,,,,
LMT Technology Solutions,Information Services: Technology,12,0,0,0,#VALUE!,,,,
Microsoft Azure,Information Services: Technology,16,4,0,0,#VALUE!,,,,
NetImpact Strategies,Information Services: Technology,4,12,0,0,#VALUE!,,,,
Newfold Digital,Information Services: Technology,12,12,0,0,#VALUE!,,,,
Niche,Information Services: Technology,4,12,0,0,#VALUE!,,,,
NielsenIQ,Information Services: Technology,20,0,0,0,#VALUE!,,,,
OM1,Information Services: Technology,4,0,0,0,#VALUE!,,,,
OPTIMIZERx Corporation,Information Services: Technology,4,8,0,0,#VALUE!,,,,
PatientPop,Information Services: Technology,12,12,0,0,#VALUE!,,,,
Publicis Sapient,Information Services: Technology,12,4,0,0,#VALUE!,,,,
Remind,Information Services: Technology,16,0,0,0,#VALUE!,,,,
RF Code,Information Services: Technology,6,6,0,0,#VALUE!,,,,
Siemens Healthineers,Information Services: Technology,12,0,0,0,#VALUE!,,,,
Smarsh,Information Services: Technology,2,4,0,0,#VALUE!,,,,
SpotX,Information Services: Technology,9,6,0,0,#VALUE!,,,,
Surescripts,Information Services: Technology,10,2,0,0,#VALUE!,,,,
The Gordian Group,Information Services: Technology,8,12,0,0,#VALUE!,,,,
TriNet,Information Services: Technology,12,4,0,0,#VALUE!,,,,
Verisk Analytics,Information Services: Technology,10,4,0,0,#VALUE!,,,,
VTS,Information Services: Technology,18,0,0,0,#VALUE!,,,,
WP Engine,Information Services: Technology,16,0,0,0,#VALUE!,,,,
ZoomInfo,Information Services: Technology,12,0,0,0,#VALUE!,,,,
Marsh & McLennan Agency,Insurance,2,10,0,0,#VALUE!,,,,
Hub International,Insurance: Brokerage,6,4,0,0,#VALUE!,,,,
USI Insurance Services,Insurance: Brokerage,2,10,0,0,#VALUE!,,,,
Willis Towers Watson,Insurance: Brokerage,4,12.5,0,0,#VALUE!,,,,
AmeriTrust Group,Insurance: Diversified,4,8,0,0,#VALUE!,,,,
Aspen Insurance Holdings Limited,Insurance: Diversified,16,0,0,0,#VALUE!,,,,
CUNA Mutual Group,Insurance: Diversified,8,0,12,0,20,,,,
First American,Insurance: Diversified,6,12,0,0,#VALUE!,,,,
Hiscox,Insurance: Diversified,12,0,0,0,#VALUE!,,,,
IAG Limited,Insurance: Diversified,12,40,0,0,#VALUE!,,,,
Lockton Companies Inc.,Insurance: Diversified,12,0,0,0,#VALUE!,,,,
MassMutual,Insurance: Diversified,8,12,0,0,#VALUE!,,,,
MJ Insurance,Insurance: Diversified,2,10,0,0,#VALUE!,,,,
Sana Benefits,Insurance: Diversified,13,13,0,0,#VALUE!,,,,
Sun Life Financial,Insurance: Diversified,16,0,0,0,#VALUE!,,,,
The McGowan Companies Inc.,Insurance: Diversified,12,12,0,0,#VALUE!,,,,
Trustmark Companies,Insurance: Diversified,6,6,0,0,#VALUE!,,,,
Anthem,Insurance: Health,0,6,0,0,#VALUE!,,,,
Blue Cross and Blue Shield of Texas,Insurance: Health,6,0,0,0,#VALUE!,,,,
Blue Cross Blue Shield of Alabama,Insurance: Health,6,6,0,0,#VALUE!,,,,
Cambia Health Solutions,Insurance: Health,12,0,0,0,#VALUE!,,,,
CareFirst,Insurance: Health,6,5,0,0,#VALUE!,,,,
CareSource,Insurance: Health,12,0,0,0,#VALUE!,,,,
Centene Corporation,Insurance: Health,3,7.5,0,0,#VALUE!,,,,
CIGNA Corporation,Insurance: Health,6,4,0,0,#VALUE!,,,,
Clover Health,Insurance: Health,6,8,0,0,#VALUE!,,,,
Delta Dental Ins,Insurance: Health,6,8,0,0,#VALUE!,,,,
GoHealth,Insurance: Health,6,6,0,0,#VALUE!,,,,
Independence Blue Cross,Insurance: Health,12,7,0,0,#VALUE!,,,,
Oscar Health,Insurance: Health,16,0,0,0,#VALUE!,,,,
Premera Blue Cross,Insurance: Health,12,0,0,0,#VALUE!,,,,
UCare,Insurance: Health,12,5,0,0,#VALUE!,,,,
UnitedHealthcare,Insurance: Health,4,4,0,0,#VALUE!,,,,
WellCare Health Plans,Insurance: Health,6,6,0,0,#VALUE!,,,,
American Income Life,Insurance: Life,52,0,0,0,#VALUE!,,,,
"Genworth Financial, Inc.",Insurance: Life,12,0,0,0,#VALUE!,,,,
GuardianLife,Insurance: Life,7,7,0,0,#VALUE!,,,,
MetLife,Insurance: Life,5,0,0,0,#VALUE!,,,,
National Benefit Life Insurance,Insurance: Life,13,15,0,0,#VALUE!,,,,
New York Life Insurance Company,Insurance: Life,12,12,0,0,#VALUE!,,,,
Prudential Financial,Insurance: Life,10,16,0,0,#VALUE!,,,,
Unum,Insurance: Life,6,23,0,0,#VALUE!,,,,
Allstate Insurance Company,Insurance: Property & Casualty,6,0,0,0,#VALUE!,,,,
American Family Insurance,Insurance: Property & Casualty,12,2,0,0,#VALUE!,,,,
"Assurant, Inc.",Insurance: Property & Casualty,4,2,0,0,#VALUE!,,,,
Farmers Insurance,Insurance: Property & Casualty,12,16,0,0,#VALUE!,,,,
FM Global,Insurance: Property & Casualty,4,2,0,0,#VALUE!,,,,
GEICO,Insurance: Property & Casualty,10,0,0,0,#VALUE!,,,,
IAT Insurance Group,Insurance: Property & Casualty,2,12,0,0,#VALUE!,,,,
Intact Financial Corporation,Insurance: Property & Casualty,52,0,0,0,#VALUE!,,,,
Liberty Mutual Insurance,Insurance: Property & Casualty,16,0,0,0,#VALUE!,,,,
Progressive Corporation,Insurance: Property & Casualty,7.5,16,0,0,#VALUE!,,,,
Selective Insurance,Insurance: Property & Casualty,2,12,0,0,#VALUE!,,,,
The Hartford,Insurance: Property & Casualty,4.5,6,0,0,#VALUE!,,,,
Travelers,Insurance: Property & Casualty,2,8,0,0,#VALUE!,,,,
Guy Carpenter,Insurance: Reinsurance,8,12,0,0,#VALUE!,,,,
Burr & Forman LLP,Law Firm,4,4,0,0,#VALUE!,,,,
Cleary Gottlieb Steen & Hamilton LLP,Law Firm,16,26,0,0,#VALUE!,,,,
Cooley LLP,Law Firm,24,12,0,0,#VALUE!,,,,
"Correia & Puth, PLLC",Law Firm,6,10,0,0,#VALUE!,,,,
Covington & Burling LLP,Law Firm,16,0,0,0,#VALUE!,,,,
Crowell & Moring,Law Firm,4,0,0,0,#VALUE!,,,,
Davis & Santos,Law Firm,3,2,0,0,#VALUE!,,,,
Desmarais LLP,Law Firm,12,0,0,0,#VALUE!,,,,
Entwistle & Cappucci LLC,Law Firm,8,10,0,0,#VALUE!,,,,
Fox Rothschild LLP,Law Firm,12,0,0,0,#VALUE!,,,,
Fragomen,Law Firm,6,6,0,0,#VALUE!,,,,
Hogan Lovells,Law Firm,20,6,0,0,#VALUE!,,,,
Hudson Cook,Law Firm,6,0,0,0,#VALUE!,,,,
Kirkland & Ellis LLP,Law Firm,18,0,0,0,#VALUE!,,,,
Latham & Watkins LLP,Law Firm,12,0,0,0,#VALUE!,,,,
Lathrop GPM LLP,Law Firm,16,0,0,0,#VALUE!,,,,
Linklaters LLP,Law Firm,18,0,0,0,#VALUE!,,,,
Littler Mendelson P.C.,Law Firm,12,0,0,0,#VALUE!,,,,
"Manatt, Phelps & Phillips, LLP",Law Firm,12,29,0,0,#VALUE!,,,,
Mayer Brown,Law Firm,0,0,0,0,0,,,,
McLane Middleton PA,Law Firm,6,6,0,0,#VALUE!,,,,
Mintz Levin Cohn Ferris Glovsky and Popeo PC,Law Firm,17,0,0,0,#VALUE!,,,,
Schlam Stone & Dolan,Law Firm,12,4,0,0,#VALUE!,,,,
Simpson Thacher & Bartlett LLP,Law Firm,16,10,0,0,#VALUE!,,,,
Veritas Law,Law Firm,52,0,0,0,#VALUE!,,,,
Wynyard Wood,Law Firm,26,52,0,0,#VALUE!,,,,
HBR Consulting,Legal Services,4,3,0,0,#VALUE!,,,,
Cruise Planners,"Leisure, Travel & Tourism",3,0,0,0,#VALUE!,,,,
Royal Caribbean International,"Leisure, Travel & Tourism",4,2,0,0,#VALUE!,,,,
VRBO,"Leisure, Travel & Tourism",18,0,0,0,#VALUE!,,,,
BrightTALK,Media,12,12,0,0,#VALUE!,,,,
Condé Nast,Media: Diversified,4,0,0,0,#VALUE!,,,,
Meredith,Media: Diversified,12,12,0,0,#VALUE!,,,,
NBCUniversal,Media: Diversified,16,4,0,0,#VALUE!,,,,
Quartz,Media: Diversified,2,0,0,0,#VALUE!,,,,
Sky PLC,Media: Diversified,26,0,6,0,32,,,,
Thomson Reuters,Media: Diversified,12,10,0,0,#VALUE!,,,,
Townsquare Media,Media: Diversified,12,0,0,0,#VALUE!,,,,
Viacom Inc.,Media: Diversified,10,2.5,0,0,#VALUE!,,,,
ViacomCBS,Media: Diversified,4,6,0,0,#VALUE!,,,,
WGBH,Media: Diversified,4,12,0,0,#VALUE!,,,,
Cinemark,Media: Entertainment,1,12,0,0,#VALUE!,,,,
Lionsgate,Media: Entertainment,20,0,0,0,#VALUE!,,,,
Madison Square Garden,Media: Entertainment,12,0,0,0,#VALUE!,,,,
Showtime,Media: Entertainment,12,3,0,0,#VALUE!,,,,
Spins,Media: Magazines,6,0,0,0,#VALUE!,,,,
The Atlantic,Media: Magazines,12,4,0,0,#VALUE!,,,,
Business Insider,Media: News,12,0,0,0,#VALUE!,,,,
Dow Jones,Media: News,20,12,0,0,#VALUE!,,,,
Forbes,Media: News,12,0,0,0,#VALUE!,,,,
Gannett,Media: News,2,12,0,0,#VALUE!,,,,
New York Times,Media: News,16,16,0,0,#VALUE!,,,,
The New York Times Company,Media: News,20,20,0,0,#VALUE!,,,,
Washington Post,Media: News,18,0,0,0,#VALUE!,,,,
Public Broadcasting Service,Media: Television,12,0,0,0,#VALUE!,,,,
Sinclair Broadcast Group,Media: Television,6,0,0,0,#VALUE!,,,,
ASML,0,52,40,0,0,#VALUE!,,,,
INK Communications Co.,0,10,2,0,0,#VALUE!,,,,
Rokt,0,15,0,0,0,#VALUE!,,,,
Bunge North America,Natural Resources: Agriculture and Food Processing,0,6,0,0,#VALUE!,,,,
Pilgrim's Pride,Natural Resources: Agriculture and Food Processing,6,0,0,0,#VALUE!,,,,
Tate & Lyle,Natural Resources: Agriculture and Food Processing,20.5,13,0,0,#VALUE!,,,,
CHS Inc.,Natural Resources: Agrochemical,0,16,0,0,#VALUE!,,,,
"Air Products & Chemicals, Inc.",Natural Resources: Chemicals,4,8,0,0,#VALUE!,,,,
AkzoNobel Global,Natural Resources: Chemicals,12,12,0,0,#VALUE!,,,,
Albemarle Corporation,Natural Resources: Chemicals,7,5,0,0,#VALUE!,,,,
"Ashland, Inc.",Natural Resources: Chemicals,6,18,0,0,#VALUE!,,,,
DuPont,Natural Resources: Chemicals,16,12,0,0,#VALUE!,,,,
Eastman Chemical Company,Natural Resources: Chemicals,4,6,0,0,#VALUE!,,,,
LyondellBasell,Natural Resources: Chemicals,0,12,0,0,#VALUE!,,,,
"Nalco, An Ecolab Company",Natural Resources: Chemicals,24,0,0,0,#VALUE!,,,,
Nutrien,Natural Resources: Chemicals,12,26,0,0,#VALUE!,,,,
Solvay S.A.,Natural Resources: Chemicals,16,12,0,0,#VALUE!,,,,
Syngenta Flowers,Natural Resources: Chemicals,6,0,0,0,#VALUE!,,,,
CLEAResult,Natural Resources: Diversified Energy,2,10,0,0,#VALUE!,,,,
Consolidated Edison Inc.,Natural Resources: Diversified Energy,10,16,0,0,#VALUE!,,,,
Entergy Corporation,Natural Resources: Diversified Energy,6,0,0,0,#VALUE!,,,,
"NRG Energy, Inc.",Natural Resources: Diversified Energy,6,6,0,0,#VALUE!,,,,
Eversource,Natural Resources: Electric & Gas Utility,8,4,0,0,#VALUE!,,,,
GE Power,Natural Resources: Electric & Gas Utility,24,20,0,0,#VALUE!,,,,
National Grid plc,Natural Resources: Electric & Gas Utility,26,13,0,0,#VALUE!,,,,
NiSource,Natural Resources: Electric & Gas Utility,26,26,0,0,#VALUE!,,,,
Sempra Energy,Natural Resources: Electric & Gas Utility,12,0,0,0,#VALUE!,,,,
Williams,Natural Resources: Electric & Gas Utility,10.5,0,0,0,#VALUE!,,,,
"American Electric Power Company, Inc.",Natural Resources: Electric Power Generation,8,0,2,0,10,,,,
Duke Energy,Natural Resources: Electric Power Generation,13,1.5,0,0,#VALUE!,,,,
Exelon Corporation,Natural Resources: Electric Power Generation,16,24,0,0,#VALUE!,,,,
Pacific Gas and Electric Company,Natural Resources: Electric Power Generation,12,26,0,0,#VALUE!,,,,
Southern California Edison,Natural Resources: Electric Power Generation,8,12,0,0,#VALUE!,,,,
Freeport-McMoRan,Natural Resources: Metals & Mining,26,0,0,0,#VALUE!,,,,
Novelis,Natural Resources: Metals & Mining,8,0,0,0,#VALUE!,,,,
"Enbridge, Inc.",Natural Resources: Oil & Gas,6,12,0,0,#VALUE!,,,,
ExxonMobil,Natural Resources: Oil & Gas,8,0,0,0,#VALUE!,,,,
Marathon Petroleum Corporation,Natural Resources: Oil & Gas,8,0,0,0,#VALUE!,,,,
Shell Oil Company,Natural Resources: Oil & Gas,16,4,0,0,#VALUE!,,,,
"T.D. Williamson, Inc.",Natural Resources: Oil & Gas,6,6,0,0,#VALUE!,,,,
ASRC Energy Services,Natural Resources: Oilfield Services,12,0,0,0,#VALUE!,,,,
Baker Hughes,Natural Resources: Oilfield Services,8,0,0,0,#VALUE!,,,,
Schlumberger,Natural Resources: Oilfield Services,11,12,0,0,#VALUE!,,,,
Save the Children,Nonprofit: Charity,5,0,0,0,#VALUE!,,,,
The Pew Charitable Trusts,Nonprofit: Charity,6,6,0,0,#VALUE!,,,,
World Vision,Nonprofit: Charity,52,0,0,0,#VALUE!,,,,
AARP,Nonprofit: Civic & Social,6,6,0,0,#VALUE!,,,,
Convergence,Nonprofit: Civic & Social,26,26,0,0,#VALUE!,,,,
Enterprise Community Partners,Nonprofit: Civic & Social,12,0,0,0,#VALUE!,,,,
Help USA,Nonprofit: Civic & Social,12,12,0,0,#VALUE!,,,,
National Partnership for Women & Families,Nonprofit: Civic & Social,15,0,0,0,#VALUE!,,,,
Project Renewal,Nonprofit: Civic & Social,0,0,0,0,#VALUE!,,,,
uAspire,Nonprofit: Civic & Social,2,20,0,0,#VALUE!,,,,
Washburn Center For Children,Nonprofit: Civic & Social,52,2,0,0,#VALUE!,,,,
Endeavor,Nonprofit: Development,16,0,0,0,#VALUE!,,,,
Achievement Network,Nonprofit: Education,12,4,0,0,#VALUE!,,,,
Start Early,Nonprofit: Education,24,0,24,0,48,,,,
Teach for America,Nonprofit: Education,12,0,0,0,#VALUE!,,,,
Wildwood Programs,Nonprofit: Education,12,0,0,0,#VALUE!,,,,
Environmental Defense Fund,Nonprofit: Environmental Organization,8,16,0,0,#VALUE!,,,,
Natural Resources Defense Council,Nonprofit: Environmental Organization,15,9,0,0,#VALUE!,,,,
The Nature Conservancy,Nonprofit: Environmental Organization,6,6,0,0,#VALUE!,,,,
Financial Industry Regulatory Authority,Nonprofit: Finance,12,0,0,0,#VALUE!,,,,
Financial Ombudsman Service,Nonprofit: Finance,26,12,0,0,#VALUE!,,,,
Harvard Pilgrim Health Care,Nonprofit: Healthcare,4,0,0,0,#VALUE!,,,,
Jewish Board of Family and Children's Services,Nonprofit: Healthcare,12,0,0,0,#VALUE!,,,,
Planned Parenthood,Nonprofit: Healthcare,6,6,0,0,#VALUE!,,,,
Sanford Health,Nonprofit: Healthcare,4,4,0,0,#VALUE!,,,,
SWOG,Nonprofit: Healthcare,6,6,0,0,#VALUE!,,,,
The Task Force For Global Health,Nonprofit: Healthcare,0,12,0,0,#VALUE!,,,,
American Red Cross,Nonprofit: Humanitarian Aid Organization,8,8,0,0,#VALUE!,,,,
International Justice Mission,Nonprofit: Legal,12,12,0,0,#VALUE!,,,,
Legal Aid Society - Employment Law Center,Nonprofit: Legal,12,52,0,0,#VALUE!,,,,
Center for Reproductive Rights,Nonprofit: Legal Services,12,4,0,0,#VALUE!,,,,
Legal Aid of North Carolina,Nonprofit: Legal Services,6,6,0,0,#VALUE!,,,,
Westbank Community Library,Nonprofit: Libraries,12,0,0,0,#VALUE!,,,,
Camden Coalition of Healthcare Providers,Nonprofit: Medical,4,12,0,0,#VALUE!,,,,
"MOXI, The Wolf Museum of Exploration + Innovation",Nonprofit: Museums,1,12,0,0,#VALUE!,,,,
The Field Museum,Nonprofit: Museums,8,4,0,0,#VALUE!,,,,
The World Economic Forum,Nonprofit: Political Organization,12,6,0,0,#VALUE!,,,,
Archdiocese of Chicago,Nonprofit: Religious,12,12,0,0,#VALUE!,,,,
Battelle Memorial Institute,Nonprofit: Research,6,0,0,0,#VALUE!,,,,
Charles Stark Draper Laboratory,Nonprofit: Research,12,0,0,0,#VALUE!,,,,
"Education Development Center, Inc.",Nonprofit: Research,12,0,0,0,#VALUE!,,,,
HopeLab,Nonprofit: Research,16,0,0,0,#VALUE!,,,,
RTI International,Nonprofit: Research,6,6,0,0,#VALUE!,,,,
The Leukemia & Lymphoma Society,Nonprofit: Research,3,9,0,0,#VALUE!,,,,
American Chemical Society,Nonprofit: Science & Technology,8,12,0,0,#VALUE!,,,,
AICPA,Nonprofit: Trade Organization,10,0,0,0,#VALUE!,,,,
The Georgia Society of CPAs,Nonprofit: Trade Organization,8,4,0,0,#VALUE!,,,,
American Canning,Packaging,6,6,0,0,#VALUE!,,,,
Avery Dennison,Packaging,9,0,0,0,#VALUE!,,,,
AbbVie Inc.,Pharmaceutical,12,12,0,0,#VALUE!,,,,
Agios Pharmaceuticals,Pharmaceutical,8,0,0,0,#VALUE!,,,,
AstraZeneca,Pharmaceutical,6,52,0,0,#VALUE!,,,,
Bayer AG,Pharmaceutical,4,12,0,0,#VALUE!,,,,
Bayer HealthCare Pharmaceuticals,Pharmaceutical,4,1,0,0,#VALUE!,,,,
Envigo,Pharmaceutical,6,0,0,0,#VALUE!,,,,
Ferring Pharmaceuticals,Pharmaceutical,8,8,0,0,#VALUE!,,,,
Kite Pharma,Pharmaceutical,12,0,0,0,#VALUE!,,,,
"Merck & Co., Inc.",Pharmaceutical,9,8,0,0,#VALUE!,,,,
Novartis,Pharmaceutical,13,6,0,0,#VALUE!,,,,
Oceanic Pharmachem Pvt. Ltd.,Pharmaceutical,12,14,0,0,#VALUE!,,,,
Otsuka Pharmaceutical,Pharmaceutical,8,0,0,0,#VALUE!,,,,
Pfizer,Pharmaceutical,12,12,0,0,#VALUE!,,,,
Reata Pharmaceuticals,Pharmaceutical,6,6,0,0,#VALUE!,,,,
Recursion Pharmaceuticals,Pharmaceutical,12,0,0,0,#VALUE!,,,,
Syneos Health,Pharmaceutical,14,38,0,0,#VALUE!,,,,
Express Scripts Holding,Pharmacies & Drug Stores,2,6,0,0,#VALUE!,,,,
OptumRx,Pharmacies & Drug Stores,12,12,0,0,#VALUE!,,,,
Chan Zuckerberg Initiative,Philanthropy,16,4,0,0,#VALUE!,,,,
Harold Grinspoon Foundation,Philanthropy,13,12,0,0,#VALUE!,,,,
Open Society Foundations,Philanthropy,25,13,0,0,#VALUE!,,,,
W. K. Kellogg Foundation,Philanthropy,32,0,0,0,#VALUE!,,,,
BCW,Public Relations,4,0,0,0,#VALUE!,,,,
Curley & Pynn,Public Relations,6,0,0,0,#VALUE!,,,,
Edelman,Public Relations,12,0,0,0,#VALUE!,,,,
Golin,Public Relations,8,27,0,0,#VALUE!,,,,
MWWPR,Public Relations,12,0,12,0,24,,,,
Virgo Health,Public Relations,4,2,0,0,#VALUE!,,,,
American City Business Journals,Publishing,12,0,0,0,#VALUE!,,,,
Axel Springer,Publishing,16,52,0,0,#VALUE!,,,,
Curriculum Associates,Publishing,12,0,0,0,#VALUE!,,,,
Macmillan Learning,Publishing,14,0,0,0,#VALUE!,,,,
Mcgraw Hill,Publishing,10.5,12,0,0,#VALUE!,,,,
Penguin Random House,Publishing,10,0,0,0,#VALUE!,,,,
NavigatorCRE,Real Estate,6,0,0,0,#VALUE!,,,,
Keller Williams Realty,Real Estate: Brokers,13,0,0,0,#VALUE!,,,,
Redfin,Real Estate: Brokers,16,4,0,0,#VALUE!,,,,
Square Yards,Real Estate: Brokers,12,13,0,0,#VALUE!,,,,
Wyse Home Team Realty,Real Estate: Brokers,4,52,0,0,#VALUE!,,,,
CBRE,Real Estate: Development & Management,6,1,0,0,#VALUE!,,,,
HILLS Properties,Real Estate: Development & Management,8,4,0,0,#VALUE!,,,,
Jones Lang LaSalle,Real Estate: Development & Management,4,12,0,0,#VALUE!,,,,
Ryan Companies,Real Estate: Development & Management,12,6,0,0,#VALUE!,,,,
The Howard Hughes Corporation,Real Estate: Development & Management,12,0,0,0,#VALUE!,,,,
David Weekley Homes,Real Estate: Home Building,12,24,0,0,#VALUE!,,,,
PGIM Real Estate,Real Estate: Investment Trust,8,4,0,0,#VALUE!,,,,
Uniti,Real Estate: Investment Trust,4,2,0,0,#VALUE!,,,,
Blanton Turner,Real Estate: Management,4,12,0,0,#VALUE!,,,,
Love's,Retail: Convenience Store,8,6,0,0,#VALUE!,,,,
Hallmark Cards,"Retail: Crafts, Fabrics & Party Supplies",8,20,0,0,#VALUE!,,,,
Michaels,"Retail: Crafts, Fabrics & Party Supplies",8,0,0,0,#VALUE!,,,,
Belk,Retail: Department Store,8,4,0,0,#VALUE!,,,,
Bloomingdale's,Retail: Department Store,12,0,0,0,#VALUE!,,,,
Macy's,Retail: Department Store,11.5,6,0,0,#VALUE!,,,,
Myer,Retail: Department Store,12,52,0,0,#VALUE!,,,,
Nordstrom,Retail: Department Store,12,3,0,0,#VALUE!,,,,
Aldi USA,Retail: Discount Store,6,4,0,0,#VALUE!,,,,
BJs Wholesale Club,Retail: Discount Store,10,2,0,0,#VALUE!,,,,
Costco,Retail: Discount Store,8,2,0,0,#VALUE!,,,,
Dollar General,Retail: Discount Store,8,0,0,0,#VALUE!,,,,
Ross Stores,Retail: Discount Store,6,6,0,0,#VALUE!,,,,
Sprouts Farmers Market,Retail: Discount Store,3.5,5.5,0,0,#VALUE!,,,,
Best Buy,Retail: Electronics,12,0,0,0,#VALUE!,,,,
Crutchfield,Retail: Electronics,2,20,0,0,#VALUE!,,,,
Telstra,Retail: Electronics,18,52,0,0,#VALUE!,,,,
Central Garden & Pet,Retail: Furniture & Home Improvement,6,6,0,0,#VALUE!,,,,
Floor & Decor,Retail: Furniture & Home Improvement,2,6,0,0,#VALUE!,,,,
Sleep Number,Retail: Furniture & Home Improvement,4.5,3,0,0,#VALUE!,,,,
Williams Sonoma,Retail: Furniture & Home Improvement,26,8,0,0,#VALUE!,,,,
Kroger,Retail: General Merchandise,8,4,0,0,#VALUE!,,,,
Lowe’s Home Improvement,Retail: General Merchandise,11,0,0,0,#VALUE!,,,,
Petco,Retail: General Merchandise,2,52,0,0,#VALUE!,,,,
Petsmart,Retail: General Merchandise,8,4,0,0,#VALUE!,,,,
Tesco PLC,Retail: General Merchandise,27,18,0,0,#VALUE!,,,,
Signet Jewelers,Retail: Jewelery,9,3,0,0,#VALUE!,,,,
Drizly,Retail: Liquor,6,6,0,0,#VALUE!,,,,
Custom Ink,Retail: Online,3,8,0,0,#VALUE!,,,,
Overstock.com,Retail: Online,4,0,4,0,8,,,,
Zola,Retail: Online,12,4,0,0,#VALUE!,,,,
Academy Sports + Outdoors,Retail: Other,6,1,0,0,#VALUE!,,,,
Accent Decor,Retail: Other,3,12,0,0,#VALUE!,,,,
Guitar Center,Retail: Other,7,2,0,0,#VALUE!,,,,
Marshall Retail Group,Retail: Other,9,0,0,0,#VALUE!,,,,
Uncommon Goods,Retail: Other,10,2,0,0,#VALUE!,,,,
ANN Inc.,"Retail: Shoes, Accessories and Apparel",6,6,0,0,#VALUE!,,,,
Athleta,"Retail: Shoes, Accessories and Apparel",15,0,0,0,#VALUE!,,,,
Calvin Klein,"Retail: Shoes, Accessories and Apparel",8,4,0,0,#VALUE!,,,,
DICK'S Sporting Goods,"Retail: Shoes, Accessories and Apparel",9,4,0,0,#VALUE!,,,,
DSW,"Retail: Shoes, Accessories and Apparel",11,0,0,0,#VALUE!,,,,
Esprit,"Retail: Shoes, Accessories and Apparel",6,16,0,0,#VALUE!,,,,
Evisons,"Retail: Shoes, Accessories and Apparel",6,0,0,0,#VALUE!,,,,
Fossil,"Retail: Shoes, Accessories and Apparel",6,9,0,0,#VALUE!,,,,
Haggar,"Retail: Shoes, Accessories and Apparel",6,24,0,0,#VALUE!,,,,
Hollister,"Retail: Shoes, Accessories and Apparel",6,12,0,0,#VALUE!,,,,
J.Crew,"Retail: Shoes, Accessories and Apparel",4.5,4,0,0,#VALUE!,,,,
"Jockey International, Inc.","Retail: Shoes, Accessories and Apparel",6,6,0,0,#VALUE!,,,,
Lands' End,"Retail: Shoes, Accessories and Apparel",8,4,0,0,#VALUE!,,,,
Levi Strauss & Co.,"Retail: Shoes, Accessories and Apparel",12,21,0,0,#VALUE!,,,,
Lululemon Athletica,"Retail: Shoes, Accessories and Apparel",24,0,0,0,#VALUE!,,,,
New Balance,"Retail: Shoes, Accessories and Apparel",20,4,0,0,#VALUE!,,,,
PVH Corp.,"Retail: Shoes, Accessories and Apparel",6,4,0,0,#VALUE!,,,,
"Reebok International, Ltd.","Retail: Shoes, Accessories and Apparel",8,8,0,0,#VALUE!,,,,
REI,"Retail: Shoes, Accessories and Apparel",16,6,0,0,#VALUE!,,,,
Trunk Club,"Retail: Shoes, Accessories and Apparel",12,0,0,0,#VALUE!,,,,
Uniqlo,"Retail: Shoes, Accessories and Apparel",0,0,0,0,#VALUE!,,,,
Meredith Digital,Retail: Stationary & Office Supplies,12,0,0,0,#VALUE!,,,,
Office Depot,Retail: Stationary & Office Supplies,6,8,0,0,#VALUE!,,,,
Ahold Delhaize,Retail: Supermarket Company,6,6,0,0,#VALUE!,,,,
Family Dollar,Retail: Supermarket Company,9,0,0,0,#VALUE!,,,,
Hy-Vee,Retail: Supermarket Company,8,4,0,0,#VALUE!,,,,
Lowes Foods,Retail: Supermarket Company,15,15,0,0,#VALUE!,,,,
CozyKin,Services: Daycare,6,6,0,0,#VALUE!,,,,
EasyWayPaper,Services: Other,30,5,0,0,#VALUE!,,,,
Essay 4 Students,Services: Other,25,5,0,0,#VALUE!,,,,
Industrious,Services: Other,0,4,0,0,#VALUE!,,,,
International SOS,Services: Other,16,0,0,0,#VALUE!,,,,
Sunrun,Services: Other,10,0,0,0,#VALUE!,,,,
Terminix,Services: Other,13,6.5,0,0,#VALUE!,,,,
Uno Assignment Help,Services: Other,4,6,0,0,#VALUE!,,,,
TransPerfect,Services: Translation,8,4,0,0,#VALUE!,,,,
"Clean Harbors, Inc.",Services: Waste Management,0,12,0,0,#VALUE!,,,,
"Republic Services, Inc.",Services: Waste Management,8,0,0,0,#VALUE!,,,,
Waste Connections,Services: Waste Management,6,12,0,0,#VALUE!,,,,
WIN Waste Innovations,Services: Waste Management,12,12,0,0,#VALUE!,,,,
Nike,Sporting Goods,12,12,0,0,#VALUE!,,,,
Trek Bikes,Sporting Goods,12,0,0,0,#VALUE!,,,,
National Football League,Sports,16,0,0,0,#VALUE!,,,,
Round Rock Express,Sports,1,0,0,0,#VALUE!,,,,
Braze,Technology,18,2,0,0,#VALUE!,,,,
Akamai,Technology: B2B Tech Services,11,6,0,0,#VALUE!,,,,
Amazon Web Services,Technology: B2B Tech Services,12,5.5,0,0,#VALUE!,,,,
Atos,Technology: B2B Tech Services,8,0,0,0,#VALUE!,,,,
Bepress,Technology: B2B Tech Services,14,26,0,0,#VALUE!,,,,
CACI International,Technology: B2B Tech Services,3,9,0,0,#VALUE!,,,,
CDK Global,Technology: B2B Tech Services,9,25.5,0,0,#VALUE!,,,,
Chartbeat,Technology: B2B Tech Services,26,26,0,0,#VALUE!,,,,
Cognizant,Technology: B2B Tech Services,4,2,0,0,#VALUE!,,,,
Cubic Corporation,Technology: B2B Tech Services,4,0,0,0,#VALUE!,,,,
"Datto, Inc.",Technology: B2B Tech Services,16,0,0,0,#VALUE!,,,,
"DMI, Inc.",Technology: B2B Tech Services,2,6,0,0,#VALUE!,,,,
Impinj,Technology: B2B Tech Services,12,0,0,0,#VALUE!,,,,
Iron Mountain,Technology: B2B Tech Services,5,9,0,0,#VALUE!,,,,
Knowable,Technology: B2B Tech Services,11,2,0,0,#VALUE!,,,,
Leidos,Technology: B2B Tech Services,4,5,0,0,#VALUE!,,,,
Luxoft,Technology: B2B Tech Services,26,12,0,0,#VALUE!,,,,
MediaMath,Technology: B2B Tech Services,10,0,0,0,#VALUE!,,,,
MEDITECH,Technology: B2B Tech Services,16,0,0,0,#VALUE!,,,,
MPAY,Technology: B2B Tech Services,4,0,0,0,#VALUE!,,,,
NCR Corporation,Technology: B2B Tech Services,17,20,0,0,#VALUE!,,,,
Optoro,Technology: B2B Tech Services,6,5,0,0,#VALUE!,,,,
Quantcast,Technology: B2B Tech Services,4,8,0,0,#VALUE!,,,,
Recurly,Technology: B2B Tech Services,6,0,0,0,#VALUE!,,,,
Sirius Computer Solutions,Technology: B2B Tech Services,4,8,0,0,#VALUE!,,,,
Teradata,Technology: B2B Tech Services,8,8,0,0,#VALUE!,,,,
Twilio,Technology: B2B Tech Services,16,20,0,0,#VALUE!,,,,
Unisys,Technology: B2B Tech Services,12,0,0,0,#VALUE!,,,,
Volt Information Sciences,Technology: B2B Tech Services,6,6,0,0,#VALUE!,,,,
Wipro,Technology: B2B Tech Services,16,8,0,0,#VALUE!,,,,
Airbnb,Technology: Consumer Internet,21,2,0,0,#VALUE!,,,,
AOL,Technology: Consumer Internet,12,12,0,0,#VALUE!,,,,
BentoBox,Technology: Consumer Internet,12,0,0,0,#VALUE!,,,,
BlaBlaCar,Technology: Consumer Internet,12,0,0,0,#VALUE!,,,,
Booking.com,Technology: Consumer Internet,22,10.5,0,0,#VALUE!,,,,
CampusLogic,Technology: Consumer Internet,10,0,0,0,#VALUE!,,,,
CarMax,Technology: Consumer Internet,6,9,0,0,#VALUE!,,,,
Carsales,Technology: Consumer Internet,16,0,2,0,18,,,,
ChowNow,Technology: Consumer Internet,15,0,0,0,#VALUE!,,,,
Cloudworkers,Technology: Consumer Internet,52,0,0,0,#VALUE!,,,,
Comoto Holdings,Technology: Consumer Internet,12,26,0,0,#VALUE!,,,,
Divercity,Technology: Consumer Internet,1,1,0,0,#VALUE!,,,,
DoorDash,Technology: Consumer Internet,10,0,0,0,#VALUE!,,,,
Freewheel,Technology: Consumer Internet,12,4,0,0,#VALUE!,,,,
Genius,Technology: Consumer Internet,12,4,0,0,#VALUE!,,,,
GoDaddy,Technology: Consumer Internet,17,9,0,0,#VALUE!,,,,
Groupon,Technology: Consumer Internet,14,0,0,0,#VALUE!,,,,
Grubhub,Technology: Consumer Internet,12,0,0,0,#VALUE!,,,,
Ibotta,Technology: Consumer Internet,4,0,0,0,#VALUE!,,,,
Indiegogo,Technology: Consumer Internet,10,10,0,0,#VALUE!,,,,
Justworks,Technology: Consumer Internet,14,2,0,0,#VALUE!,,,,
LaunchGood,Technology: Consumer Internet,12,12,0,0,#VALUE!,,,,
Lyft,Technology: Consumer Internet,12,18,0,0,#VALUE!,,,,
Match,Technology: Consumer Internet,16,0,0,0,#VALUE!,,,,
Match Group,Technology: Consumer Internet,14,0,0,0,#VALUE!,,,,
Meta,Technology: Consumer Internet,22,0,0,0,#VALUE!,,,,
MindSumo,Technology: Consumer Internet,12,0,0,0,#VALUE!,,,,
Nerdwallet,Technology: Consumer Internet,12,0,0,0,#VALUE!,,,,
Netflix,Technology: Consumer Internet,52,0,0,0,#VALUE!,,,,
"Noom, inc.",Technology: Consumer Internet,12,6,0,0,#VALUE!,,,,
Offerup,Technology: Consumer Internet,8,8,0,0,#VALUE!,,,,
OLX Group,Technology: Consumer Internet,19.5,26,0,0,#VALUE!,,,,
ON Semiconductor,Technology: Consumer Internet,4,2,0,0,#VALUE!,,,,
Peapod Digital Labs,Technology: Consumer Internet,12,6,0,0,#VALUE!,,,,
Postmates,Technology: Consumer Internet,16,0,16,0,32,,,,
Rally Health,Technology: Consumer Internet,18,0,0,0,#VALUE!,,,,
Reddit,Technology: Consumer Internet,16,0,16,0,32,,,,
Shopify,Technology: Consumer Internet,26,26,0,0,#VALUE!,,,,
Spotify,Technology: Consumer Internet,24,2.5,0,0,#VALUE!,,,,
Spring Health,Technology: Consumer Internet,18,0,0,0,#VALUE!,,,,
Squarespace,Technology: Consumer Internet,20,0,0,0,#VALUE!,,,,
Travelzoo,Technology: Consumer Internet,4,0,0,0,#VALUE!,,,,
Twitter,Technology: Consumer Internet,20,2.5,0,0,#VALUE!,,,,
WorkMarket,Technology: Consumer Internet,10,4,0,0,#VALUE!,,,,
Yelp,Technology: Consumer Internet,14,0,0,0,#VALUE!,,,,
YouTube,Technology: Consumer Internet,15,2,0,0,#VALUE!,,,,
Zillow,Technology: Consumer Internet,4,2,0,0,#VALUE!,,,,
Zumper,Technology: Consumer Internet,12,0,0,0,#VALUE!,,,,
Enova,Technology: Financial Services,10,0,0,0,#VALUE!,,,,
Funding Circle,Technology: Financial Services,13,0,2,0,15,,,,
Kabbage,Technology: Financial Services,12,0,0,0,#VALUE!,,,,
Amazon Games,Technology: Gaming,12,12,0,0,#VALUE!,,,,
Roblox,Technology: Gaming,16,0.5,0,0,#VALUE!,,,,
Advantest,Technology: Manufacturing,12,0,0,0,#VALUE!,,,,
Analog Devices,Technology: Manufacturing,8,3,0,0,#VALUE!,,,,
Aruba Networks,Technology: Manufacturing,24,2,0,0,#VALUE!,,,,
Cadence Design Systems,Technology: Manufacturing,12,4,0,0,#VALUE!,,,,
Cirrus Logic,Technology: Manufacturing,12,0,0,0,#VALUE!,,,,
Ericsson,Technology: Manufacturing,16,0,0,0,#VALUE!,,,,
GlobalFoundries,Technology: Manufacturing,20,0,0,0,#VALUE!,,,,
HP Inc.,Technology: Manufacturing,14,6,0,0,#VALUE!,,,,
Infineon Technologies,Technology: Manufacturing,1,0,1,0,2,,,,
Itron,Technology: Manufacturing,12,4,0,0,#VALUE!,,,,
Juniper Networks,Technology: Manufacturing,16,46,0,0,#VALUE!,,,,
KLA-Tencor Corporation,Technology: Manufacturing,12,6,0,0,#VALUE!,,,,
Lenovo,Technology: Manufacturing,24,0,0,0,#VALUE!,,,,
Markforged,Technology: Manufacturing,6,12,0,0,#VALUE!,,,,
Molecular Devices,Technology: Manufacturing,14,4,0,0,#VALUE!,,,,
National Instruments,Technology: Manufacturing,6,12,0,0,#VALUE!,,,,
Roku,Technology: Manufacturing,16,8,0,0,#VALUE!,,,,
Seagate Technology,Technology: Manufacturing,16,0,0,0,#VALUE!,,,,
Siemens Energy,Technology: Manufacturing,6,4,0,0,#VALUE!,,,,
Snap Inc.,Technology: Manufacturing,14,8,0,0,#VALUE!,,,,
Texas Instruments,Technology: Manufacturing,12,0,4,0,16,,,,
Currencycloud,Technology: Payments,13,0,0,0,#VALUE!,,,,
Gusto,Technology: Payments,16,10,0,0,#VALUE!,,,,
Ingenico Group,Technology: Payments,12,40,0,0,#VALUE!,,,,
MineralTree,Technology: Payments,12,0,0,0,#VALUE!,,,,
Pangea Money Transfer,Technology: Payments,12,0,0,0,#VALUE!,,,,
PayPal,Technology: Payments,13,3,0,0,#VALUE!,,,,
Plastiq,Technology: Payments,12,6,0,0,#VALUE!,,,,
Ramp,Technology: Payments,12,0,0,0,#VALUE!,,,,
Square,Technology: Payments,16,0,0,0,#VALUE!,,,,
Magic Leap,Technology: Research,18,0,0,0,#VALUE!,,,,
ADT Security Services,Technology: Security,5,5,0,0,#VALUE!,,,,
Alarm.com,Technology: Security,8,0,0,0,#VALUE!,,,,
Brivo,Technology: Security,8,0,0,0,#VALUE!,,,,
Coalfire,Technology: Security,10,6,0,0,#VALUE!,,,,
CrowdStrike,Technology: Security,9,11,0,0,#VALUE!,,,,
Entrust,Technology: Security,12,2,0,0,#VALUE!,,,,
RSA,Technology: Security,18,0,0,0,#VALUE!,,,,
Trustwave Holdings,Technology: Security,12,12,0,0,#VALUE!,,,,
Agilysys,Technology: Software,6,0,0,0,#VALUE!,,,,
Alkami Technology,Technology: Software,12,0,0,0,#VALUE!,,,,
Alteryx,Technology: Software,12,0,0,0,#VALUE!,,,,
Amplitude,Technology: Software,12,0,12,0,24,,,,
Anant Corporation,Technology: Software,4,2,0,0,#VALUE!,,,,
Ansys,Technology: Software,6,6,0,0,#VALUE!,,,,
AppDynamics,Technology: Software,13,0,0,0,#VALUE!,,,,
Aquicore,Technology: Software,12,0,0,0,#VALUE!,,,,
ArisGlobal,Technology: Software,12,4,0,0,#VALUE!,,,,
Atlassian,Technology: Software,25,0,0,0,#VALUE!,,,,
Automox,Technology: Software,12,0,0,0,#VALUE!,,,,
"Aware, Inc",Technology: Software,15.5,0,0,0,#VALUE!,,,,
Axon,Technology: Software,12,0,0,0,#VALUE!,,,,
"Bentley Systems, Inc.",Technology: Software,6,6,0,0,#VALUE!,,,,
BigCommerce,Technology: Software,12,0,0,0,#VALUE!,,,,
Bitdefender,Technology: Software,52,52,0,0,#VALUE!,,,,
Blackbaud,Technology: Software,12,0,0,0,#VALUE!,,,,
Bullhorn,Technology: Software,12,0,0,0,#VALUE!,,,,
CallRail,Technology: Software,6,12,0,0,#VALUE!,,,,
Canva,Technology: Software,18,23,0,0,#VALUE!,,,,
CareValidate,Technology: Software,8,0,0,0,#VALUE!,,,,
CentralSquare Technologies,Technology: Software,12,0,0,0,#VALUE!,,,,
Ceridian,Technology: Software,14,1,0,0,#VALUE!,,,,
Citrix,Technology: Software,18,6,0,0,#VALUE!,,,,
ClearPoint Strategy,Technology: Software,6,0,0,0,#VALUE!,,,,
Cludo,Technology: Software,12,0,0,0,#VALUE!,,,,
Collective Health,Technology: Software,6,6,0,0,#VALUE!,,,,
Collibra,Technology: Software,21,6.5,0,0,#VALUE!,,,,
Community Brands,Technology: Software,6,12,0,0,#VALUE!,,,,
ConsenSys,Technology: Software,12,12,0,0,#VALUE!,,,,
Conviva,Technology: Software,6,6,0,0,#VALUE!,,,,
Convoy,Technology: Software,12,16,0,0,#VALUE!,,,,
Coupa,Technology: Software,3,9,0,0,#VALUE!,,,,
Dassault Systemes,Technology: Software,7,3,0,0,#VALUE!,,,,
Detechtion Technologies,Technology: Software,1,4,0,0,#VALUE!,,,,
Digit,Technology: Software,18,0,0,0,#VALUE!,,,,
DISCO,Technology: Software,12,0,0,0,#VALUE!,,,,
Donnelley Financial Solutions,Technology: Software,5,8,0,0,#VALUE!,,,,
Doximity,Technology: Software,12,0,0,0,#VALUE!,,,,
DxMinds Technologies Inc,Technology: Software,10,10,0,0,#VALUE!,,,,
Dynatrace,Technology: Software,52,52,0,0,#VALUE!,,,,
Ellevation Education,Technology: Software,8,0,0,0,#VALUE!,,,,
Engrain,Technology: Software,8,0,0,0,#VALUE!,,,,
ePublishing,Technology: Software,2,2,0,0,#VALUE!,,,,
Esri,Technology: Software,6,0,0,0,#VALUE!,,,,
Expeed Software,Technology: Software,24,0,0,0,#VALUE!,,,,
Fearless,Technology: Software,6,3,0,0,#VALUE!,,,,
Flexera Software,Technology: Software,8,8,0,0,#VALUE!,,,,
FreshBooks,Technology: Software,32,0,0,0,#VALUE!,,,,
Freshworks,Technology: Software,8,2,0,0,#VALUE!,,,,
Frontline Education,Technology: Software,9,3,0,0,#VALUE!,,,,
Fusion Risk Management,Technology: Software,12,0,0,0,#VALUE!,,,,
GlossGenius,Technology: Software,16,0,0,0,#VALUE!,,,,
Gong,Technology: Software,16,0,0,0,#VALUE!,,,,
GoodCore Software,Technology: Software,12,0,0,0,#VALUE!,,,,
Higher Logic,Technology: Software,12,0,0,0,#VALUE!,,,,
"HubSpot, Inc.",Technology: Software,16,8,0,0,#VALUE!,,,,
Hudl,Technology: Software,6,0,0,0,#VALUE!,,,,
"iCIMS, Inc.",Technology: Software,14,30,0,0,#VALUE!,,,,
Infor,Technology: Software,16,0,0,0,#VALUE!,,,,
Informatica,Technology: Software,16,0,0,0,#VALUE!,,,,
InsightSquared,Technology: Software,12,0,0,0,#VALUE!,,,,
Instructure,Technology: Software,3,9,0,0,#VALUE!,,,,
Integrity Software,Technology: Software,6,46,0,0,#VALUE!,,,,
Intellimize,Technology: Software,14,0,0,0,#VALUE!,,,,
"Intuit, Inc",Technology: Software,12,8,0,0,#VALUE!,,,,
JHC Systems,Technology: Software,52,0,0,0,#VALUE!,,,,
Juice Analytics,Technology: Software,4,0,0,0,#VALUE!,,,,
Kajabi,Technology: Software,1,12,0,0,#VALUE!,,,,
Khoros,Technology: Software,12,3,0,0,#VALUE!,,,,
LevaData,Technology: Software,6,6,0,0,#VALUE!,,,,
Lionbridge,Technology: Software,8,4,0,0,#VALUE!,,,,
Lithero,Technology: Software,8,4,0,0,#VALUE!,,,,
Mad Mobile,Technology: Software,2,10,0,0,#VALUE!,,,,
Maestro,Technology: Software,16,0,0,0,#VALUE!,,,,
Mapbox,Technology: Software,10,2,0,0,#VALUE!,,,,
MaritzCX,Technology: Software,12,0,0,0,#VALUE!,,,,
Medallia,Technology: Software,12,2,0,0,#VALUE!,,,,
Microsoft,Technology: Software,12,3,0,0,#VALUE!,,,,
MicroStrategy,Technology: Software,17,6,0,0,#VALUE!,,,,
MobileIron,Technology: Software,12,16,0,0,#VALUE!,,,,
Mode Mobile,Technology: Software,4,8,0,0,#VALUE!,,,,
"MongoDB, Inc.",Technology: Software,20,0,0,0,#VALUE!,,,,
Motus LLC,Technology: Software,16,0,0,0,#VALUE!,,,,
Netskope,Technology: Software,6,0,0,0,#VALUE!,,,,
NetSuite Inc.,Technology: Software,16,47,0,0,#VALUE!,,,,
New Relic,Technology: Software,12,6,0,0,#VALUE!,,,,
Nextech,Technology: Software,6,6,0,0,#VALUE!,,,,
NextGen Healthcare,Technology: Software,2,12,0,0,#VALUE!,,,,
Nutanix,Technology: Software,17,0,0,0,#VALUE!,,,,
OfferFit,Technology: Software,12,8,0,0,#VALUE!,,,,
Palantir,Technology: Software,30,38,0,0,#VALUE!,,,,
PandaDoc,Technology: Software,20,40,0,0,#VALUE!,,,,
panOpen,Technology: Software,2,0,0,0,#VALUE!,,,,
"Panopto, Inc.",Technology: Software,12,4,0,0,#VALUE!,,,,
Patron Technology,Technology: Software,14,8,0,0,#VALUE!,,,,
Paylocity,Technology: Software,7,5,0,0,#VALUE!,,,,
Pear Therapeutics,Technology: Software,6,4,0,0,#VALUE!,,,,
Persistent Systems,Technology: Software,12,0,0,0,#VALUE!,,,,
Pexip,Technology: Software,8,4,0,0,#VALUE!,,,,
PhotoShelter,Technology: Software,12,0,0,0,#VALUE!,,,,
Praxent,Technology: Software,2,2,0,0,#VALUE!,,,,
Privitar Ltd,Technology: Software,20,13,0,0,#VALUE!,,,,
Procore Technologies,Technology: Software,16,0,0,0,#VALUE!,,,,
Qualtrics,Technology: Software,6,12,0,0,#VALUE!,,,,
Rangle.io,Technology: Software,52,0,0,0,#VALUE!,,,,
Red Hat,Technology: Software,0,0,0,0,#VALUE!,,,,
Rosetta Stone,Technology: Software,14,0,0,0,#VALUE!,,,,
Safety Labs Inc,Technology: Software,15,0,0,0,#VALUE!,,,,
Sage,Technology: Software,12,0,0,0,#VALUE!,,,,
SAP,Technology: Software,12,3,0,0,#VALUE!,,,,
SAS,Technology: Software,8,4,0,0,#VALUE!,,,,
Screencastify,Technology: Software,6,12,0,0,#VALUE!,,,,
ServiceTitan,Technology: Software,12,11,0,0,#VALUE!,,,,
Siemens Digital Industries Software,Technology: Software,6,11,0,0,#VALUE!,,,,
Signzy Technology Private Limited,Technology: Software,3,3,0,0,#VALUE!,,,,
SmartBear Software,Technology: Software,16,0,0,0,#VALUE!,,,,
Splunk,Technology: Software,16,0,0,0,#VALUE!,,,,
Storable,Technology: Software,12,0,0,0,#VALUE!,,,,
Tableau Software,Technology: Software,12,0,0,0,#VALUE!,,,,
Taboola,Technology: Software,26,0,0,0,#VALUE!,,,,
Talkdesk,Technology: Software,16,0,8,0,24,,,,
TIBCO Software,Technology: Software,14,10,0,0,#VALUE!,,,,
Triton Digital,Technology: Software,12,0,0,0,#VALUE!,,,,
Veeva Systems,Technology: Software,12,12,0,0,#VALUE!,,,,
VMware,Technology: Software,18,0,0,0,#VALUE!,,,,
WGU Labs,Technology: Software,12,12,0,0,#VALUE!,,,,
Workday,Technology: Software,12,0,0,0,#VALUE!,,,,
WorkJam,Technology: Software,52,0,0,0,#VALUE!,,,,
"Wrike, Inc.",Technology: Software,8,8,0,0,#VALUE!,,,,
Xactly Corporation,Technology: Software,6,6,0,0,#VALUE!,,,,
Xandr,Technology: Software,12,0,0,0,#VALUE!,,,,
Zapier,Technology: Software,14,0,0,0,#VALUE!,,,,
 Charter Communications,Telecommunications,8,12,0,0,#VALUE!,,,,
Asurion,Telecommunications,12,8,0,0,#VALUE!,,,,
AT&T,Telecommunications,9,6,0,0,#VALUE!,,,,
Ciena,Telecommunications,18,0,0,0,#VALUE!,,,,
Comcast,Telecommunications,12,4,0,0,#VALUE!,,,,
Cox,Telecommunications,8,8,0,0,#VALUE!,,,,
G Fiber,Telecommunications,13,2,0,0,#VALUE!,,,,
Hughes Network Systems,Telecommunications,16,0,0,0,#VALUE!,,,,
Qualcomm Incorporated,Telecommunications,12,12,0,0,#VALUE!,,,,
"RingCentral, Inc.",Telecommunications,12,4,0,0,#VALUE!,,,,
Telnyx,Telecommunications,12,8,0,0,#VALUE!,,,,
Viettel Group,Telecommunications,24,52,0,0,#VALUE!,,,,
Zara,Textiles,6,4,0,0,#VALUE!,,,,
FlixBus,Transportation: Bus,52,0,0,0,#VALUE!,,,,
UPS,Transportation: Couriers & Delivery,3,8,0,0,#VALUE!,,,,
CSX Corporation,Transportation: Freight & Logistics,16,52,0,0,#VALUE!,,,,
Dematic,Transportation: Freight & Logistics,6,6,0,0,#VALUE!,,,,
Echo Global Logistics,Transportation: Freight & Logistics,4,4,0,0,#VALUE!,,,,
Redwood Logistics,Transportation: Freight & Logistics,4.5,1,0,0,#VALUE!,,,,
Transplace,Transportation: Freight & Logistics,5,6,0,0,#VALUE!,,,,
UniGroup,Transportation: Freight & Logistics,4,0,0,0,#VALUE!,,,,
American Airlines,Transportation: Passenger Air,10.5,6,0,0,#VALUE!,,,,
Southwest Airlines,Transportation: Passenger Air,12,12,0,0,#VALUE!,,,,
United Airlines,Transportation: Passenger Air,6,0,0,0,#VALUE!,,,,
Amtrak,Transportation: Rail,6,0,0,0,#VALUE!,,,,
BNSF Logistics,Transportation: Rail,12,0,0,0,#VALUE!,,,,
Kansas City Southern,Transportation: Rail,6,6,0,0,#VALUE!,,,,
"Avis Budget Group, Inc.",Transportation: Rental,6,6,0,0,#VALUE!,,,,
Enterprise Holdings,Transportation: Rental,12,12,0,0,#VALUE!,,,,
"Hertz Global Holdings, Inc.",Transportation: Rental,12,0,0,0,#VALUE!,,,,
ISO New England,Utilities,2,8,0,0,#VALUE!,,,,
Equinox,Wellness & Fitness,6,12,0,0,#VALUE!,,,,
THE WELL,Wellness & Fitness,12,0,0,0,#VALUE!,,,,
C&S Wholesale Grocers,Wholesale,6,12,0,0,#VALUE!,,,,
Martine's Wines,Wholesale,6,0,0,0,#VALUE!,,,,
Sonepar,Wholesale,8,12,0,0,#VALUE!,,,,
Sonepar USA,Wholesale,6,12,0,0,#VALUE!,,,,
Worldwide Produce,Wholesale,6,0,0,0,#VALUE!,,,,
Daggerwing Group Inc.,Advertising,1,0,0,0,#VALUE!,,,,
KBS,Advertising,2,0,0,0,#VALUE!,,,,
Wilson Dow Group,Advertising,1,0,0,0,#VALUE!,,,,
Compass Group PLC,Business Services: Food & Hospitality,0,0,0,0,#VALUE!,,,,
Hays PLC,Business Services: Staffing & Outsourcing,2,0,0,0,#VALUE!,,,,
S.i. Systems,Business Services: Staffing & Outsourcing,0,0,0,0,#VALUE!,,,,
Vectrus,Conglomerate,40,0,0,0,#VALUE!,,,,
Scentsy,Consumer Packaged Goods: Packaged Products,52,0,0,0,#VALUE!,,,,
Yankee Candle,Consumer Packaged Goods: Packaged Products,12,0,0,0,#VALUE!,,,,
Weill Cornell Medicine,Educational Services: College & Universities,12.5,0,0,0,#VALUE!,,,,
Round Rock ISD,Educational Services: Management,0,0,0,0,#VALUE!,,,,
Austin Independent School District,Educational Services: School,1,0,0,0,#VALUE!,,,,
Bain Capital,Finance: Asset Management,16,0,0,0,#VALUE!,,,,
KKR & Co. LP,Finance: Asset Management,16,0,0,0,#VALUE!,,,,
Nationwide Building Society,Finance: Diversified,26,0,0,0,#VALUE!,,,,
Carbon Health,Healthcare: Hospitals & Clinics,12,0,0,0,#VALUE!,,,,
Nemours,Healthcare: Hospitals & Clinics,0,0,0,0,#VALUE!,,,,
ProMedica,Healthcare: Hospitals & Clinics,0,0,0,0,#VALUE!,,,,
Trinity Health System,Healthcare: Hospitals & Clinics,2,0,0,0,#VALUE!,,,,
University Hospitals,Healthcare: Hospitals & Clinics,0,0,0,0,#VALUE!,,,,
"NxStage Medical, Inc.",Healthcare: Medical Devices,0,0,0,0,#VALUE!,,,,
Intercontinental Hotels Group,Hospitality: Hotels,50,0,0,0,#VALUE!,,,,
Waffle House,Hospitality: Restaurants,6,0,0,0,#VALUE!,,,,
Whataburger,Hospitality: Restaurants,40,0,0,0,#VALUE!,,,,
Pella Windows and Doors,Industrial: Building Materials Manufacturing,12,0,0,0,#VALUE!,,,,
American Bridge Company,Industrial: Construction Company,0,0,0,0,#VALUE!,,,,
Black & Veatch,Industrial: Construction Company,12,0,0,0,#VALUE!,,,,
Bhel,Industrial: Equipment Manufacturing,50,0,0,0,#VALUE!,,,,
Macy's Technology,Information Services: Technology,8,0,0,0,#VALUE!,,,,
Wisetech Global,Information Services: Technology,0,0,0,0,#VALUE!,,,,
Yext,Information Services: Technology,16,0,0,0,#VALUE!,,,,
"Matrix Absence Management, Inc.",Insurance: Diversified,8,0,0,0,#VALUE!,,,,
Elevance Health,Insurance: Health,6,0,0,0,#VALUE!,,,,
Auto-Owners Insurance,Insurance: Property & Casualty,1,0,0,0,#VALUE!,,,,
Hapag-Lloyd,Maritime,14,0,0,0,#VALUE!,,,,
BASF,Natural Resources: Chemicals,18,0,0,0,#VALUE!,,,,
Alpha Natural Resources,Natural Resources: Metals & Mining,6,0,0,0,#VALUE!,,,,
Barrick Gold Corporation,Natural Resources: Metals & Mining,30,0,0,0,#VALUE!,,,,
BP,Natural Resources: Oil & Gas,16,0,0,0,#VALUE!,,,,
Halliburton,Natural Resources: Oilfield Services,8,0,0,0,#VALUE!,,,,
"National Oilwell Varco, Inc.",Natural Resources: Oilfield Services,2,0,0,0,#VALUE!,,,,
Silicon Valley Employers Forum,Nonprofit: Trade Organization,12,0,0,0,#VALUE!,,,,
SPEEA,Nonprofit: Trade Organization,0,0,0,0,#VALUE!,,,,
AmerisourceBergen,Pharmaceutical,8,0,0,0,#VALUE!,,,,
Transwestern,Real Estate: Development & Management,7,0,0,0,#VALUE!,,,,
Trader Joe’s,Retail: Convenience Store,0,0,0,0,#VALUE!,,,,
Harrods,Retail: Department Store,10,0,0,0,#VALUE!,,,,
Tractor Supply Company,Retail: General Merchandise,6,0,0,0,#VALUE!,,,,
American Eagle Outfitters,"Retail: Shoes, Accessories and Apparel",4,0,0,0,#VALUE!,,,,
LVMH,"Retail: Shoes, Accessories and Apparel",10,0,0,0,#VALUE!,,,,
Steve Madden,"Retail: Shoes, Accessories and Apparel",6,0,0,0,#VALUE!,,,,
Food Lion,Retail: Supermarket Company,0,0,0,0,#VALUE!,,,,
Bright Horizons,Services: Daycare,0,0,0,0,#VALUE!,,,,
Talent Inc.,Services: Other,10,0,0,0,#VALUE!,,,,
SHI International Corp.,Technology: B2B Tech Services,0,0,0,0,#VALUE!,,,,
Vistaprint,Technology: Consumer Internet,16,0,0,0,#VALUE!,,,,
Fujifilm Global,Technology: Manufacturing,12,0,0,0,#VALUE!,,,,
PlayStation,Technology: Manufacturing,12,0,0,0,#VALUE!,,,,
Druva,Technology: Software,2,0,0,0,#VALUE!,,,,
SurveyGizmo,Technology: Software,4,0,0,0,#VALUE!,,,,
Xero,Technology: Software,6,0,0,0,#VALUE!,,,,
Fedex Supply Chain,Transportation: Freight & Logistics,2,0,0,0,#VALUE!,,,,
Schneider National,Transportation: Freight & Logistics,0,0,0,0,#VALUE!,,,,
HD Supply,Wholesale,14,0,0,0,#VALUE!,,,,
Merrimac Industrial Sales,Wholesale,0,0,0,0,#VALUE!,,,,
